path,filename,folder,size
epillid/ePillID_data/classification_data/segmented_nih_pills_224/50436-6124_0_0.jpg,50436-6124_0_0.jpg,epillid/ePillID_data/classification_data/segmented_nih_pills_224,6393
epillid/ePillID_data/classification_data/segmented_nih_pills_224/53808-1029_0_1.jpg,53808-1029_0_1.jpg,epillid/ePillID_data/classification_data/segmented_nih_pills_224,4517
epillid/ePillID_data/classification_data/segmented_nih_pills_224/0615-7938_0_0.jpg,0615-7938_0_0.jpg,epillid/ePillID_data/classification_data/segmented_nih_pills_224,4635
epillid/ePillID_data/classification_data/segmented_nih_pills_224/43063-594_0_0.jpg,43063-594_0_0.jpg,epillid/ePillID_data/classification_data/segmented_nih_pills_224,4390
epillid/ePillID_data/classification_data/segmented_nih_pills_224/69189-0712_0_0.jpg,69189-0712_0_0.jpg,epillid/ePillID_data/classification_data/segmented_nih_pills_224,4040
epillid/ePillID_data/classification_data/segmented_nih_pills_224/50436-0132_0_1.jpg,50436-0132_0_1.jpg,epillid/ePillID_data/classification_data/segmented_nih_pills_224,3544
epillid/ePillID_data/classification_data/segmented_nih_pills_224/64205-207_0_0.jpg,64205-207_0_0.jpg,epillid/ePillID_data/classification_data/segmented_nih_pills_224,5807
epillid/ePillID_data/classification_data/segmented_nih_pills_224/33261-153_0_0.jpg,33261-153_0_0.jpg,epillid/ePillID_data/classification_data/segmented_nih_pills_224,6857
epillid/ePillID_data/classification_data/segmented_nih_pills_224/66336-340_0_1.jpg,66336-340_0_1.jpg,epillid/ePillID_data/classification_data/segmented_nih_pills_224,5961
epillid/ePillID_data/classification_data/segmented_nih_pills_224/42292-018_0_1.jpg,42292-018_0_1.jpg,epillid/ePillID_data/classification_data/segmented_nih_pills_224,3238
epillid/ePillID_data/classification_data/fcn_mix_weight/dr_224/00093-0658-01_PART_1_OF_1_CHAL10_SB_2B2B15C8.jpg,00093-0658-01_PART_1_OF_1_CHAL10_SB_2B2B15C8.jpg,epillid/ePillID_data/classification_data/fcn_mix_weight/dr_224,5862
epillid/ePillID_data/classification_data/segmented_nih_pills_224/42254-158_0_1.jpg,42254-158_0_1.jpg,epillid/ePillID_data/classification_data/segmented_nih_pills_224,4731
epillid/ePillID_data/classification_data/segmented_nih_pills_224/53808-1016_0_0.jpg,53808-1016_0_0.jpg,epillid/ePillID_data/classification_data/segmented_nih_pills_224,3597
epillid/ePillID_data/classification_data/segmented_nih_pills_224/50436-9987_0_0.jpg,50436-9987_0_0.jpg,epillid/ePillID_data/classification_data/segmented_nih_pills_224,3774
epillid/ePillID_data/classification_data/segmented_nih_pills_224/21695-693_0_0.jpg,21695-693_0_0.jpg,epillid/ePillID_data/classification_data/segmented_nih_pills_224,4167
epillid/ePillID_data/classification_data/fcn_mix_weight/dc_224/2514.jpg,2514.jpg,epillid/ePillID_data/classification_data/fcn_mix_weight/dc_224,4389
epillid/ePillID_data/classification_data/segmented_nih_pills_224/33342-057_0_0.jpg,33342-057_0_0.jpg,epillid/ePillID_data/classification_data/segmented_nih_pills_224,4150
epillid/ePillID_data/classification_data/segmented_nih_pills_224/31722-537_0_0.jpg,31722-537_0_0.jpg,epillid/ePillID_data/classification_data/segmented_nih_pills_224,3799
epillid/ePillID_data/classification_data/segmented_nih_pills_224/60687-118_0_0.jpg,60687-118_0_0.jpg,epillid/ePillID_data/classification_data/segmented_nih_pills_224,4546
epillid/ePillID_data/classification_data/segmented_nih_pills_224/68382-079_0_0.jpg,68382-079_0_0.jpg,epillid/ePillID_data/classification_data/segmented_nih_pills_224,4456
epillid/ePillID_data/classification_data/segmented_nih_pills_224/54868-4968_0_1.jpg,54868-4968_0_1.jpg,epillid/ePillID_data/classification_data/segmented_nih_pills_224,4321
epillid/ePillID_data/classification_data/segmented_nih_pills_224/0143-9717_0_0.jpg,0143-9717_0_0.jpg,epillid/ePillID_data/classification_data/segmented_nih_pills_224,6277
epillid/ePillID_data/classification_data/segmented_nih_pills_224/35356-832_0_0.jpg,35356-832_0_0.jpg,epillid/ePillID_data/classification_data/segmented_nih_pills_224,3766
epillid/ePillID_data/classification_data/segmented_nih_pills_224/50268-090_0_1.jpg,50268-090_0_1.jpg,epillid/ePillID_data/classification_data/segmented_nih_pills_224,5384
epillid/ePillID_data/classification_data/segmented_nih_pills_224/68788-6402_0_0.jpg,68788-6402_0_0.jpg,epillid/ePillID_data/classification_data/segmented_nih_pills_224,7990
epillid/ePillID_data/classification_data/segmented_nih_pills_224/59762-5022_0_0.jpg,59762-5022_0_0.jpg,epillid/ePillID_data/classification_data/segmented_nih_pills_224,4867
epillid/ePillID_data/classification_data/fcn_mix_weight/dr_224/00074-6122-90_PART_1_OF_1_CHAL10_SB_051D829C.jpg,00074-6122-90_PART_1_OF_1_CHAL10_SB_051D829C.jpg,epillid/ePillID_data/classification_data/fcn_mix_weight/dr_224,8106
epillid/ePillID_data/classification_data/segmented_nih_pills_224/50090-2085_0_0.jpg,50090-2085_0_0.jpg,epillid/ePillID_data/classification_data/segmented_nih_pills_224,6511
epillid/ePillID_data/classification_data/segmented_nih_pills_224/51079-584_0_0.jpg,51079-584_0_0.jpg,epillid/ePillID_data/classification_data/segmented_nih_pills_224,4324
epillid/ePillID_data/classification_data/fcn_mix_weight/dc_224/1500.jpg,1500.jpg,epillid/ePillID_data/classification_data/fcn_mix_weight/dc_224,4988
epillid/ePillID_data/classification_data/segmented_nih_pills_224/63187-306_0_1.jpg,63187-306_0_1.jpg,epillid/ePillID_data/classification_data/segmented_nih_pills_224,7171
epillid/ePillID_data/classification_data/segmented_nih_pills_224/60429-301_0_1.jpg,60429-301_0_1.jpg,epillid/ePillID_data/classification_data/segmented_nih_pills_224,6866
epillid/ePillID_data/classification_data/fcn_mix_weight/dc_224/3847.jpg,3847.jpg,epillid/ePillID_data/classification_data/fcn_mix_weight/dc_224,3157
epillid/ePillID_data/classification_data/segmented_nih_pills_224/50436-0223_0_1.jpg,50436-0223_0_1.jpg,epillid/ePillID_data/classification_data/segmented_nih_pills_224,3198
epillid/ePillID_data/classification_data/segmented_nih_pills_224/70786-0121_0_1.jpg,70786-0121_0_1.jpg,epillid/ePillID_data/classification_data/segmented_nih_pills_224,4940
epillid/ePillID_data/classification_data/fcn_mix_weight/dc_224/1298.jpg,1298.jpg,epillid/ePillID_data/classification_data/fcn_mix_weight/dc_224,4638
epillid/ePillID_data/classification_data/segmented_nih_pills_224/68084-230_0_1.jpg,68084-230_0_1.jpg,epillid/ePillID_data/classification_data/segmented_nih_pills_224,3419
epillid/ePillID_data/classification_data/segmented_nih_pills_224/16590-163_0_0.jpg,16590-163_0_0.jpg,epillid/ePillID_data/classification_data/segmented_nih_pills_224,4768
epillid/ePillID_data/classification_data/segmented_nih_pills_224/0440-8305_0_0.jpg,0440-8305_0_0.jpg,epillid/ePillID_data/classification_data/segmented_nih_pills_224,5808
epillid/ePillID_data/classification_data/segmented_nih_pills_224/53808-0361_0_1.jpg,53808-0361_0_1.jpg,epillid/ePillID_data/classification_data/segmented_nih_pills_224,4871
epillid/ePillID_data/classification_data/segmented_nih_pills_224/61786-568_0_0.jpg,61786-568_0_0.jpg,epillid/ePillID_data/classification_data/segmented_nih_pills_224,3936
epillid/ePillID_data/classification_data/segmented_nih_pills_224/53808-0821_0_0.jpg,53808-0821_0_0.jpg,epillid/ePillID_data/classification_data/segmented_nih_pills_224,5791
epillid/ePillID_data/classification_data/segmented_nih_pills_224/43063-680_0_0.jpg,43063-680_0_0.jpg,epillid/ePillID_data/classification_data/segmented_nih_pills_224,3757
epillid/ePillID_data/classification_data/fcn_mix_weight/dc_224/2350.jpg,2350.jpg,epillid/ePillID_data/classification_data/fcn_mix_weight/dc_224,5443
epillid/ePillID_data/classification_data/segmented_nih_pills_224/54868-4903_0_0.jpg,54868-4903_0_0.jpg,epillid/ePillID_data/classification_data/segmented_nih_pills_224,6364
epillid/ePillID_data/classification_data/segmented_nih_pills_224/60687-145_0_0.jpg,60687-145_0_0.jpg,epillid/ePillID_data/classification_data/segmented_nih_pills_224,5442
epillid/ePillID_data/classification_data/fcn_mix_weight/dc_224/1280.jpg,1280.jpg,epillid/ePillID_data/classification_data/fcn_mix_weight/dc_224,4616
epillid/ePillID_data/classification_data/fcn_mix_weight/dc_224/4228.jpg,4228.jpg,epillid/ePillID_data/classification_data/fcn_mix_weight/dc_224,4068
epillid/ePillID_data/classification_data/segmented_nih_pills_224/43598-316_0_0.jpg,43598-316_0_0.jpg,epillid/ePillID_data/classification_data/segmented_nih_pills_224,3673
epillid/ePillID_data/classification_data/segmented_nih_pills_224/10544-020_0_1.jpg,10544-020_0_1.jpg,epillid/ePillID_data/classification_data/segmented_nih_pills_224,3118
epillid/ePillID_data/classification_data/segmented_nih_pills_224/50844-185_0_0.jpg,50844-185_0_0.jpg,epillid/ePillID_data/classification_data/segmented_nih_pills_224,6838
epillid/ePillID_data/classification_data/segmented_nih_pills_224/76237-159_0_0.jpg,76237-159_0_0.jpg,epillid/ePillID_data/classification_data/segmented_nih_pills_224,3291
epillid/ePillID_data/classification_data/segmented_nih_pills_224/33261-132_0_1.jpg,33261-132_0_1.jpg,epillid/ePillID_data/classification_data/segmented_nih_pills_224,9918
epillid/ePillID_data/classification_data/segmented_nih_pills_224/0615-1561_0_0.jpg,0615-1561_0_0.jpg,epillid/ePillID_data/classification_data/segmented_nih_pills_224,6968
epillid/ePillID_data/classification_data/segmented_nih_pills_224/55154-5053_0_0.jpg,55154-5053_0_0.jpg,epillid/ePillID_data/classification_data/segmented_nih_pills_224,4956
epillid/ePillID_data/classification_data/segmented_nih_pills_224/61919-826_0_0.jpg,61919-826_0_0.jpg,epillid/ePillID_data/classification_data/segmented_nih_pills_224,5267
epillid/ePillID_data/classification_data/fcn_mix_weight/dc_224/2670.jpg,2670.jpg,epillid/ePillID_data/classification_data/fcn_mix_weight/dc_224,3525
epillid/ePillID_data/classification_data/segmented_nih_pills_224/42254-242_0_1.jpg,42254-242_0_1.jpg,epillid/ePillID_data/classification_data/segmented_nih_pills_224,10871
epillid/ePillID_data/classification_data/segmented_nih_pills_224/68180-502_0_1.jpg,68180-502_0_1.jpg,epillid/ePillID_data/classification_data/segmented_nih_pills_224,3654
epillid/ePillID_data/classification_data/segmented_nih_pills_224/70786-0208_0_1.jpg,70786-0208_0_1.jpg,epillid/ePillID_data/classification_data/segmented_nih_pills_224,4893
epillid/ePillID_data/classification_data/fcn_mix_weight/dc_224/3404.jpg,3404.jpg,epillid/ePillID_data/classification_data/fcn_mix_weight/dc_224,5130
epillid/ePillID_data/classification_data/segmented_nih_pills_224/0173-0759_0_0.jpg,0173-0759_0_0.jpg,epillid/ePillID_data/classification_data/segmented_nih_pills_224,7641
epillid/ePillID_data/classification_data/segmented_nih_pills_224/60429-440_0_0.jpg,60429-440_0_0.jpg,epillid/ePillID_data/classification_data/segmented_nih_pills_224,5378
epillid/ePillID_data/classification_data/fcn_mix_weight/dc_224/4031.jpg,4031.jpg,epillid/ePillID_data/classification_data/fcn_mix_weight/dc_224,4424
epillid/ePillID_data/classification_data/segmented_nih_pills_224/42549-652_0_0.jpg,42549-652_0_0.jpg,epillid/ePillID_data/classification_data/segmented_nih_pills_224,4780
epillid/ePillID_data/classification_data/segmented_nih_pills_224/60505-1321_0_0.jpg,60505-1321_0_0.jpg,epillid/ePillID_data/classification_data/segmented_nih_pills_224,6772
epillid/ePillID_data/classification_data/fcn_mix_weight/dc_224/1536.jpg,1536.jpg,epillid/ePillID_data/classification_data/fcn_mix_weight/dc_224,4931
epillid/ePillID_data/classification_data/segmented_nih_pills_224/16714-662_0_1.jpg,16714-662_0_1.jpg,epillid/ePillID_data/classification_data/segmented_nih_pills_224,3252
epillid/ePillID_data/classification_data/segmented_nih_pills_224/53808-0927_0_0.jpg,53808-0927_0_0.jpg,epillid/ePillID_data/classification_data/segmented_nih_pills_224,4507
epillid/ePillID_data/classification_data/fcn_mix_weight/dr_224/55513-0073-30_PART_1_OF_1_CHAL10_SB_1B1C8DE4.jpg,55513-0073-30_PART_1_OF_1_CHAL10_SB_1B1C8DE4.jpg,epillid/ePillID_data/classification_data/fcn_mix_weight/dr_224,9393
epillid/ePillID_data/classification_data/fcn_mix_weight/dc_224/1309.jpg,1309.jpg,epillid/ePillID_data/classification_data/fcn_mix_weight/dc_224,3846
epillid/ePillID_data/classification_data/segmented_nih_pills_224/54868-0879_0_0.jpg,54868-0879_0_0.jpg,epillid/ePillID_data/classification_data/segmented_nih_pills_224,6946
epillid/ePillID_data/classification_data/segmented_nih_pills_224/43547-268_0_1.jpg,43547-268_0_1.jpg,epillid/ePillID_data/classification_data/segmented_nih_pills_224,4914
epillid/ePillID_data/classification_data/fcn_mix_weight/dc_224/3941.jpg,3941.jpg,epillid/ePillID_data/classification_data/fcn_mix_weight/dc_224,6786
epillid/ePillID_data/classification_data/segmented_nih_pills_224/63187-731_0_0.jpg,63187-731_0_0.jpg,epillid/ePillID_data/classification_data/segmented_nih_pills_224,3522
epillid/ePillID_data/classification_data/fcn_mix_weight/dc_224/1653.jpg,1653.jpg,epillid/ePillID_data/classification_data/fcn_mix_weight/dc_224,5085
epillid/ePillID_data/classification_data/segmented_nih_pills_224/50844-157_0_0.jpg,50844-157_0_0.jpg,epillid/ePillID_data/classification_data/segmented_nih_pills_224,4689
epillid/ePillID_data/classification_data/fcn_mix_weight/dc_224/1764.jpg,1764.jpg,epillid/ePillID_data/classification_data/fcn_mix_weight/dc_224,3358
epillid/ePillID_data/classification_data/segmented_nih_pills_224/54868-4565_0_1.jpg,54868-4565_0_1.jpg,epillid/ePillID_data/classification_data/segmented_nih_pills_224,3556
epillid/ePillID_data/classification_data/fcn_mix_weight/dc_224/2880.jpg,2880.jpg,epillid/ePillID_data/classification_data/fcn_mix_weight/dc_224,6095
epillid/ePillID_data/classification_data/segmented_nih_pills_224/0781-5020_0_1.jpg,0781-5020_0_1.jpg,epillid/ePillID_data/classification_data/segmented_nih_pills_224,5791
epillid/ePillID_data/classification_data/fcn_mix_weight/dc_224/684.jpg,684.jpg,epillid/ePillID_data/classification_data/fcn_mix_weight/dc_224,3862
epillid/ePillID_data/classification_data/fcn_mix_weight/dr_224/00007-4896-20_PART_1_OF_1_CHAL10_SF_D818EC47.jpg,00007-4896-20_PART_1_OF_1_CHAL10_SF_D818EC47.jpg,epillid/ePillID_data/classification_data/fcn_mix_weight/dr_224,16676
epillid/ePillID_data/classification_data/segmented_nih_pills_224/53217-012_0_1.jpg,53217-012_0_1.jpg,epillid/ePillID_data/classification_data/segmented_nih_pills_224,4181
epillid/ePillID_data/classification_data/segmented_nih_pills_224/16590-815_0_0.jpg,16590-815_0_0.jpg,epillid/ePillID_data/classification_data/segmented_nih_pills_224,3961
epillid/ePillID_data/classification_data/segmented_nih_pills_224/55154-3675_0_1.jpg,55154-3675_0_1.jpg,epillid/ePillID_data/classification_data/segmented_nih_pills_224,6264
epillid/ePillID_data/classification_data/segmented_nih_pills_224/55154-5561_0_1.jpg,55154-5561_0_1.jpg,epillid/ePillID_data/classification_data/segmented_nih_pills_224,4330
epillid/ePillID_data/classification_data/segmented_nih_pills_224/55289-142_0_0.jpg,55289-142_0_0.jpg,epillid/ePillID_data/classification_data/segmented_nih_pills_224,3711
epillid/ePillID_data/classification_data/segmented_nih_pills_224/16729-171_0_0.jpg,16729-171_0_0.jpg,epillid/ePillID_data/classification_data/segmented_nih_pills_224,7269
epillid/ePillID_data/classification_data/segmented_nih_pills_224/16590-647_0_0.jpg,16590-647_0_0.jpg,epillid/ePillID_data/classification_data/segmented_nih_pills_224,3897
epillid/ePillID_data/classification_data/fcn_mix_weight/dc_224/107.jpg,107.jpg,epillid/ePillID_data/classification_data/fcn_mix_weight/dc_224,3608
epillid/ePillID_data/classification_data/segmented_nih_pills_224/16590-138_0_0.jpg,16590-138_0_0.jpg,epillid/ePillID_data/classification_data/segmented_nih_pills_224,5135
epillid/ePillID_data/classification_data/segmented_nih_pills_224/61786-961_0_0.jpg,61786-961_0_0.jpg,epillid/ePillID_data/classification_data/segmented_nih_pills_224,3629
epillid/ePillID_data/classification_data/fcn_mix_weight/dc_224/884.jpg,884.jpg,epillid/ePillID_data/classification_data/fcn_mix_weight/dc_224,4986
epillid/ePillID_data/classification_data/segmented_nih_pills_224/63739-520_0_0.jpg,63739-520_0_0.jpg,epillid/ePillID_data/classification_data/segmented_nih_pills_224,5442
epillid/ePillID_data/classification_data/segmented_nih_pills_224/60429-025_0_0.jpg,60429-025_0_0.jpg,epillid/ePillID_data/classification_data/segmented_nih_pills_224,4619
epillid/ePillID_data/classification_data/fcn_mix_weight/dc_224/400.jpg,400.jpg,epillid/ePillID_data/classification_data/fcn_mix_weight/dc_224,4968
epillid/ePillID_data/classification_data/segmented_nih_pills_224/67046-500_0_0.jpg,67046-500_0_0.jpg,epillid/ePillID_data/classification_data/segmented_nih_pills_224,3909
epillid/ePillID_data/classification_data/fcn_mix_weight/dr_224/00172-5728-60_PART_1_OF_1_CHAL10_SB_5821AC5D.jpg,00172-5728-60_PART_1_OF_1_CHAL10_SB_5821AC5D.jpg,epillid/ePillID_data/classification_data/fcn_mix_weight/dr_224,11779
epillid/ePillID_data/classification_data/segmented_nih_pills_224/53808-0868_0_1.jpg,53808-0868_0_1.jpg,epillid/ePillID_data/classification_data/segmented_nih_pills_224,4666
epillid/ePillID_data/classification_data/segmented_nih_pills_224/42543-706_0_0.jpg,42543-706_0_0.jpg,epillid/ePillID_data/classification_data/segmented_nih_pills_224,3979
epillid/ePillID_data/classification_data/segmented_nih_pills_224/67296-0677_0_1.jpg,67296-0677_0_1.jpg,epillid/ePillID_data/classification_data/segmented_nih_pills_224,5138
epillid/ePillID_data/classification_data/segmented_nih_pills_224/42291-667_0_0.jpg,42291-667_0_0.jpg,epillid/ePillID_data/classification_data/segmented_nih_pills_224,6399
epillid/ePillID_data/classification_data/fcn_mix_weight/dr_224/00093-7295-01_PART_1_OF_1_CHAL10_SB_31281890.jpg,00093-7295-01_PART_1_OF_1_CHAL10_SB_31281890.jpg,epillid/ePillID_data/classification_data/fcn_mix_weight/dr_224,7272
epillid/ePillID_data/classification_data/fcn_mix_weight/dc_224/741.jpg,741.jpg,epillid/ePillID_data/classification_data/fcn_mix_weight/dc_224,5216
epillid/ePillID_data/classification_data/fcn_mix_weight/dc_224/1267.jpg,1267.jpg,epillid/ePillID_data/classification_data/fcn_mix_weight/dc_224,6236
epillid/ePillID_data/classification_data/segmented_nih_pills_224/21695-163_0_1.jpg,21695-163_0_1.jpg,epillid/ePillID_data/classification_data/segmented_nih_pills_224,3921
epillid/ePillID_data/classification_data/fcn_mix_weight/dr_224/00093-0983-01_PART_1_OF_1_CHAL10_SB_7A29BD5D.jpg,00093-0983-01_PART_1_OF_1_CHAL10_SB_7A29BD5D.jpg,epillid/ePillID_data/classification_data/fcn_mix_weight/dr_224,21644
epillid/ePillID_data/classification_data/fcn_mix_weight/dc_224/687.jpg,687.jpg,epillid/ePillID_data/classification_data/fcn_mix_weight/dc_224,4781
epillid/ePillID_data/classification_data/fcn_mix_weight/dc_224/4510.jpg,4510.jpg,epillid/ePillID_data/classification_data/fcn_mix_weight/dc_224,3722
epillid/ePillID_data/classification_data/segmented_nih_pills_224/52959-897_0_0.jpg,52959-897_0_0.jpg,epillid/ePillID_data/classification_data/segmented_nih_pills_224,3768
epillid/ePillID_data/classification_data/segmented_nih_pills_224/53808-1067_0_0.jpg,53808-1067_0_0.jpg,epillid/ePillID_data/classification_data/segmented_nih_pills_224,3775
epillid/ePillID_data/classification_data/segmented_nih_pills_224/59746-172_0_1.jpg,59746-172_0_1.jpg,epillid/ePillID_data/classification_data/segmented_nih_pills_224,4241
epillid/ePillID_data/classification_data/segmented_nih_pills_224/0093-1005_0_0.jpg,0093-1005_0_0.jpg,epillid/ePillID_data/classification_data/segmented_nih_pills_224,3584
epillid/ePillID_data/classification_data/segmented_nih_pills_224/50268-090_0_0.jpg,50268-090_0_0.jpg,epillid/ePillID_data/classification_data/segmented_nih_pills_224,5232
epillid/ePillID_data/classification_data/segmented_nih_pills_224/35356-954_0_0.jpg,35356-954_0_0.jpg,epillid/ePillID_data/classification_data/segmented_nih_pills_224,3562
epillid/ePillID_data/classification_data/segmented_nih_pills_224/60505-2850_0_1.jpg,60505-2850_0_1.jpg,epillid/ePillID_data/classification_data/segmented_nih_pills_224,7166
epillid/ePillID_data/classification_data/fcn_mix_weight/dc_224/1477.jpg,1477.jpg,epillid/ePillID_data/classification_data/fcn_mix_weight/dc_224,6668
epillid/ePillID_data/classification_data/segmented_nih_pills_224/51655-630_0_1.jpg,51655-630_0_1.jpg,epillid/ePillID_data/classification_data/segmented_nih_pills_224,5740
epillid/ePillID_data/classification_data/fcn_mix_weight/dc_224/4961.jpg,4961.jpg,epillid/ePillID_data/classification_data/fcn_mix_weight/dc_224,3337
epillid/ePillID_data/classification_data/segmented_nih_pills_224/13668-268_0_1.jpg,13668-268_0_1.jpg,epillid/ePillID_data/classification_data/segmented_nih_pills_224,4503
epillid/ePillID_data/classification_data/segmented_nih_pills_224/0093-7206_0_0.jpg,0093-7206_0_0.jpg,epillid/ePillID_data/classification_data/segmented_nih_pills_224,6498
epillid/ePillID_data/classification_data/segmented_nih_pills_224/43063-307_0_1.jpg,43063-307_0_1.jpg,epillid/ePillID_data/classification_data/segmented_nih_pills_224,3026
epillid/ePillID_data/classification_data/segmented_nih_pills_224/0591-0862_0_0.jpg,0591-0862_0_0.jpg,epillid/ePillID_data/classification_data/segmented_nih_pills_224,7153
epillid/ePillID_data/classification_data/segmented_nih_pills_224/43063-055_0_1.jpg,43063-055_0_1.jpg,epillid/ePillID_data/classification_data/segmented_nih_pills_224,4547
epillid/ePillID_data/classification_data/segmented_nih_pills_224/42254-205_0_0.jpg,42254-205_0_0.jpg,epillid/ePillID_data/classification_data/segmented_nih_pills_224,5113
epillid/ePillID_data/classification_data/fcn_mix_weight/dr_224/00781-2053-01_PART_1_OF_1_CHAL10_SF_521E2911.jpg,00781-2053-01_PART_1_OF_1_CHAL10_SF_521E2911.jpg,epillid/ePillID_data/classification_data/fcn_mix_weight/dr_224,6521
epillid/ePillID_data/classification_data/segmented_nih_pills_224/53808-0738_0_1.jpg,53808-0738_0_1.jpg,epillid/ePillID_data/classification_data/segmented_nih_pills_224,3628
epillid/ePillID_data/classification_data/segmented_nih_pills_224/0179-0083_0_0.jpg,0179-0083_0_0.jpg,epillid/ePillID_data/classification_data/segmented_nih_pills_224,5617
epillid/ePillID_data/classification_data/fcn_mix_weight/dr_224/65197-0002-01_PART_1_OF_1_CHAL10_SB_3315999C.jpg,65197-0002-01_PART_1_OF_1_CHAL10_SB_3315999C.jpg,epillid/ePillID_data/classification_data/fcn_mix_weight/dr_224,5405
epillid/ePillID_data/classification_data/segmented_nih_pills_224/68084-440_0_0.jpg,68084-440_0_0.jpg,epillid/ePillID_data/classification_data/segmented_nih_pills_224,7446
epillid/ePillID_data/classification_data/segmented_nih_pills_224/10370-536_0_0.jpg,10370-536_0_0.jpg,epillid/ePillID_data/classification_data/segmented_nih_pills_224,7698
epillid/ePillID_data/classification_data/segmented_nih_pills_224/0615-7724_0_1.jpg,0615-7724_0_1.jpg,epillid/ePillID_data/classification_data/segmented_nih_pills_224,4806
epillid/ePillID_data/classification_data/segmented_nih_pills_224/43063-212_0_1.jpg,43063-212_0_1.jpg,epillid/ePillID_data/classification_data/segmented_nih_pills_224,3117
epillid/ePillID_data/classification_data/fcn_mix_weight/dc_224/2767.jpg,2767.jpg,epillid/ePillID_data/classification_data/fcn_mix_weight/dc_224,4777
epillid/ePillID_data/classification_data/segmented_nih_pills_224/50090-2402_0_1.jpg,50090-2402_0_1.jpg,epillid/ePillID_data/classification_data/segmented_nih_pills_224,4637
epillid/ePillID_data/classification_data/fcn_mix_weight/dc_224/3470.jpg,3470.jpg,epillid/ePillID_data/classification_data/fcn_mix_weight/dc_224,2863
epillid/ePillID_data/classification_data/fcn_mix_weight/dr_224/00093-1063-01_PART_1_OF_1_CHAL10_SB_A029D07E.jpg,00093-1063-01_PART_1_OF_1_CHAL10_SB_A029D07E.jpg,epillid/ePillID_data/classification_data/fcn_mix_weight/dr_224,5864
epillid/ePillID_data/classification_data/fcn_mix_weight/dc_224/4790.jpg,4790.jpg,epillid/ePillID_data/classification_data/fcn_mix_weight/dc_224,4063
epillid/ePillID_data/classification_data/segmented_nih_pills_224/23155-105_0_0.jpg,23155-105_0_0.jpg,epillid/ePillID_data/classification_data/segmented_nih_pills_224,5466
epillid/ePillID_data/classification_data/segmented_nih_pills_224/58118-0645_0_1.jpg,58118-0645_0_1.jpg,epillid/ePillID_data/classification_data/segmented_nih_pills_224,3436
epillid/ePillID_data/classification_data/segmented_nih_pills_224/16590-287_0_1.jpg,16590-287_0_1.jpg,epillid/ePillID_data/classification_data/segmented_nih_pills_224,4582
epillid/ePillID_data/classification_data/segmented_nih_pills_224/0093-7364_0_0.jpg,0093-7364_0_0.jpg,epillid/ePillID_data/classification_data/segmented_nih_pills_224,4501
epillid/ePillID_data/classification_data/segmented_nih_pills_224/0615-1341_0_1.jpg,0615-1341_0_1.jpg,epillid/ePillID_data/classification_data/segmented_nih_pills_224,3190
epillid/ePillID_data/classification_data/segmented_nih_pills_224/43547-255_0_1.jpg,43547-255_0_1.jpg,epillid/ePillID_data/classification_data/segmented_nih_pills_224,3465
epillid/ePillID_data/classification_data/fcn_mix_weight/dc_224/3909.jpg,3909.jpg,epillid/ePillID_data/classification_data/fcn_mix_weight/dc_224,3727
epillid/ePillID_data/classification_data/fcn_mix_weight/dr_224/00093-0199-01_PART_1_OF_1_CHAL10_SB_CD266683.jpg,00093-0199-01_PART_1_OF_1_CHAL10_SB_CD266683.jpg,epillid/ePillID_data/classification_data/fcn_mix_weight/dr_224,10829
epillid/ePillID_data/classification_data/segmented_nih_pills_224/50436-5500_0_1.jpg,50436-5500_0_1.jpg,epillid/ePillID_data/classification_data/segmented_nih_pills_224,6655
epillid/ePillID_data/classification_data/segmented_nih_pills_224/43353-868_0_1.jpg,43353-868_0_1.jpg,epillid/ePillID_data/classification_data/segmented_nih_pills_224,3091
epillid/ePillID_data/classification_data/segmented_nih_pills_224/61919-431_0_0.jpg,61919-431_0_0.jpg,epillid/ePillID_data/classification_data/segmented_nih_pills_224,4102
epillid/ePillID_data/classification_data/segmented_nih_pills_224/51079-077_0_0.jpg,51079-077_0_0.jpg,epillid/ePillID_data/classification_data/segmented_nih_pills_224,4007
epillid/ePillID_data/classification_data/segmented_nih_pills_224/63187-589_0_1.jpg,63187-589_0_1.jpg,epillid/ePillID_data/classification_data/segmented_nih_pills_224,4510
epillid/ePillID_data/classification_data/fcn_mix_weight/dr_224/51285-0083-70_PART_1_OF_2_CHAL10_SF_2E2F970C.jpg,51285-0083-70_PART_1_OF_2_CHAL10_SF_2E2F970C.jpg,epillid/ePillID_data/classification_data/fcn_mix_weight/dr_224,16814
epillid/ePillID_data/classification_data/fcn_mix_weight/dc_224/1218.jpg,1218.jpg,epillid/ePillID_data/classification_data/fcn_mix_weight/dc_224,5954
epillid/ePillID_data/classification_data/segmented_nih_pills_224/61919-505_0_0.jpg,61919-505_0_0.jpg,epillid/ePillID_data/classification_data/segmented_nih_pills_224,3670
epillid/ePillID_data/classification_data/segmented_nih_pills_224/45802-132_0_0.jpg,45802-132_0_0.jpg,epillid/ePillID_data/classification_data/segmented_nih_pills_224,3663
epillid/ePillID_data/classification_data/segmented_nih_pills_224/60793-853_0_0.jpg,60793-853_0_0.jpg,epillid/ePillID_data/classification_data/segmented_nih_pills_224,4793
epillid/ePillID_data/classification_data/segmented_nih_pills_224/51138-062_0_0.jpg,51138-062_0_0.jpg,epillid/ePillID_data/classification_data/segmented_nih_pills_224,4150
epillid/ePillID_data/classification_data/fcn_mix_weight/dr_224/00093-7465-98_PART_1_OF_1_CHAL10_SB_761DBB6D.jpg,00093-7465-98_PART_1_OF_1_CHAL10_SB_761DBB6D.jpg,epillid/ePillID_data/classification_data/fcn_mix_weight/dr_224,5459
epillid/ePillID_data/classification_data/segmented_nih_pills_224/67046-658_0_1.jpg,67046-658_0_1.jpg,epillid/ePillID_data/classification_data/segmented_nih_pills_224,5621
epillid/ePillID_data/classification_data/segmented_nih_pills_224/55154-5092_0_1.jpg,55154-5092_0_1.jpg,epillid/ePillID_data/classification_data/segmented_nih_pills_224,3226
epillid/ePillID_data/classification_data/segmented_nih_pills_224/68788-9185_0_1.jpg,68788-9185_0_1.jpg,epillid/ePillID_data/classification_data/segmented_nih_pills_224,7086
epillid/ePillID_data/classification_data/segmented_nih_pills_224/53808-0234_0_0.jpg,53808-0234_0_0.jpg,epillid/ePillID_data/classification_data/segmented_nih_pills_224,7158
epillid/ePillID_data/classification_data/fcn_mix_weight/dr_224/00555-0779-02_PART_1_OF_1_CHAL10_SF_42302161.jpg,00555-0779-02_PART_1_OF_1_CHAL10_SF_42302161.jpg,epillid/ePillID_data/classification_data/fcn_mix_weight/dr_224,9070
epillid/ePillID_data/classification_data/segmented_nih_pills_224/61919-245_0_0.jpg,61919-245_0_0.jpg,epillid/ePillID_data/classification_data/segmented_nih_pills_224,3743
epillid/ePillID_data/classification_data/segmented_nih_pills_224/68788-9479_0_0.jpg,68788-9479_0_0.jpg,epillid/ePillID_data/classification_data/segmented_nih_pills_224,5601
epillid/ePillID_data/classification_data/fcn_mix_weight/dc_224/3134.jpg,3134.jpg,epillid/ePillID_data/classification_data/fcn_mix_weight/dc_224,5875
epillid/ePillID_data/classification_data/segmented_nih_pills_224/68180-757_0_0.jpg,68180-757_0_0.jpg,epillid/ePillID_data/classification_data/segmented_nih_pills_224,4250
epillid/ePillID_data/classification_data/fcn_mix_weight/dc_224/3760.jpg,3760.jpg,epillid/ePillID_data/classification_data/fcn_mix_weight/dc_224,5227
epillid/ePillID_data/classification_data/fcn_mix_weight/dc_224/1476.jpg,1476.jpg,epillid/ePillID_data/classification_data/fcn_mix_weight/dc_224,5898
epillid/ePillID_data/classification_data/segmented_nih_pills_224/50090-0509_0_1.jpg,50090-0509_0_1.jpg,epillid/ePillID_data/classification_data/segmented_nih_pills_224,6540
epillid/ePillID_data/classification_data/segmented_nih_pills_224/52959-042_0_1.jpg,52959-042_0_1.jpg,epillid/ePillID_data/classification_data/segmented_nih_pills_224,6248
epillid/ePillID_data/classification_data/segmented_nih_pills_224/0555-0791_0_1.jpg,0555-0791_0_1.jpg,epillid/ePillID_data/classification_data/segmented_nih_pills_224,4264
epillid/ePillID_data/classification_data/segmented_nih_pills_224/33261-103_0_1.jpg,33261-103_0_1.jpg,epillid/ePillID_data/classification_data/segmented_nih_pills_224,3964
epillid/ePillID_data/classification_data/fcn_mix_weight/dc_224/554.jpg,554.jpg,epillid/ePillID_data/classification_data/fcn_mix_weight/dc_224,5327
epillid/ePillID_data/classification_data/segmented_nih_pills_224/43353-165_0_0.jpg,43353-165_0_0.jpg,epillid/ePillID_data/classification_data/segmented_nih_pills_224,3812
epillid/ePillID_data/classification_data/segmented_nih_pills_224/53808-0577_0_1.jpg,53808-0577_0_1.jpg,epillid/ePillID_data/classification_data/segmented_nih_pills_224,4723
epillid/ePillID_data/classification_data/segmented_nih_pills_224/67544-326_0_1.jpg,67544-326_0_1.jpg,epillid/ePillID_data/classification_data/segmented_nih_pills_224,5300
epillid/ePillID_data/classification_data/segmented_nih_pills_224/60429-154_0_1.jpg,60429-154_0_1.jpg,epillid/ePillID_data/classification_data/segmented_nih_pills_224,6706
epillid/ePillID_data/classification_data/segmented_nih_pills_224/10544-019_0_0.jpg,10544-019_0_0.jpg,epillid/ePillID_data/classification_data/segmented_nih_pills_224,3748
epillid/ePillID_data/classification_data/fcn_mix_weight/dc_224/905.jpg,905.jpg,epillid/ePillID_data/classification_data/fcn_mix_weight/dc_224,2996
epillid/ePillID_data/classification_data/segmented_nih_pills_224/64725-0058_0_1.jpg,64725-0058_0_1.jpg,epillid/ePillID_data/classification_data/segmented_nih_pills_224,5218
epillid/ePillID_data/classification_data/segmented_nih_pills_224/21695-047_0_0.jpg,21695-047_0_0.jpg,epillid/ePillID_data/classification_data/segmented_nih_pills_224,3955
epillid/ePillID_data/classification_data/segmented_nih_pills_224/42291-652_0_0.jpg,42291-652_0_0.jpg,epillid/ePillID_data/classification_data/segmented_nih_pills_224,4017
epillid/ePillID_data/classification_data/segmented_nih_pills_224/0456-2010_0_0.jpg,0456-2010_0_0.jpg,epillid/ePillID_data/classification_data/segmented_nih_pills_224,5127
epillid/ePillID_data/classification_data/fcn_mix_weight/dc_224/2379.jpg,2379.jpg,epillid/ePillID_data/classification_data/fcn_mix_weight/dc_224,7350
epillid/ePillID_data/classification_data/fcn_mix_weight/dr_224/00555-0252-02_PART_1_OF_1_CHAL10_SB_162B8B5C.jpg,00555-0252-02_PART_1_OF_1_CHAL10_SB_162B8B5C.jpg,epillid/ePillID_data/classification_data/fcn_mix_weight/dr_224,11047
epillid/ePillID_data/classification_data/segmented_nih_pills_224/50268-114_0_1.jpg,50268-114_0_1.jpg,epillid/ePillID_data/classification_data/segmented_nih_pills_224,5913
epillid/ePillID_data/classification_data/segmented_nih_pills_224/10544-118_0_0.jpg,10544-118_0_0.jpg,epillid/ePillID_data/classification_data/segmented_nih_pills_224,3800
epillid/ePillID_data/classification_data/segmented_nih_pills_224/61786-074_0_0.jpg,61786-074_0_0.jpg,epillid/ePillID_data/classification_data/segmented_nih_pills_224,8691
epillid/ePillID_data/classification_data/segmented_nih_pills_224/53808-0316_0_0.jpg,53808-0316_0_0.jpg,epillid/ePillID_data/classification_data/segmented_nih_pills_224,3941
epillid/ePillID_data/classification_data/segmented_nih_pills_224/61919-718_0_0.jpg,61919-718_0_0.jpg,epillid/ePillID_data/classification_data/segmented_nih_pills_224,4177
epillid/ePillID_data/classification_data/segmented_nih_pills_224/54868-6128_0_0.jpg,54868-6128_0_0.jpg,epillid/ePillID_data/classification_data/segmented_nih_pills_224,6359
epillid/ePillID_data/classification_data/segmented_nih_pills_224/21695-425_0_0.jpg,21695-425_0_0.jpg,epillid/ePillID_data/classification_data/segmented_nih_pills_224,4517
epillid/ePillID_data/classification_data/fcn_mix_weight/dc_224/2088.jpg,2088.jpg,epillid/ePillID_data/classification_data/fcn_mix_weight/dc_224,3993
epillid/ePillID_data/classification_data/segmented_nih_pills_224/42549-535_0_1.jpg,42549-535_0_1.jpg,epillid/ePillID_data/classification_data/segmented_nih_pills_224,3771
epillid/ePillID_data/classification_data/segmented_nih_pills_224/61919-536_0_0.jpg,61919-536_0_0.jpg,epillid/ePillID_data/classification_data/segmented_nih_pills_224,5108
epillid/ePillID_data/classification_data/segmented_nih_pills_224/53808-0850_0_1.jpg,53808-0850_0_1.jpg,epillid/ePillID_data/classification_data/segmented_nih_pills_224,4016
epillid/ePillID_data/classification_data/segmented_nih_pills_224/49999-791_0_0.jpg,49999-791_0_0.jpg,epillid/ePillID_data/classification_data/segmented_nih_pills_224,5409
epillid/ePillID_data/classification_data/segmented_nih_pills_224/70786-0435_0_0.jpg,70786-0435_0_0.jpg,epillid/ePillID_data/classification_data/segmented_nih_pills_224,5052
epillid/ePillID_data/classification_data/segmented_nih_pills_224/64725-0801_0_1.jpg,64725-0801_0_1.jpg,epillid/ePillID_data/classification_data/segmented_nih_pills_224,3151
epillid/ePillID_data/classification_data/fcn_mix_weight/dc_224/921.jpg,921.jpg,epillid/ePillID_data/classification_data/fcn_mix_weight/dc_224,4984
epillid/ePillID_data/classification_data/segmented_nih_pills_224/55700-325_0_1.jpg,55700-325_0_1.jpg,epillid/ePillID_data/classification_data/segmented_nih_pills_224,3116
epillid/ePillID_data/classification_data/segmented_nih_pills_224/68462-404_0_0.jpg,68462-404_0_0.jpg,epillid/ePillID_data/classification_data/segmented_nih_pills_224,5983
epillid/ePillID_data/classification_data/segmented_nih_pills_224/33261-658_0_1.jpg,33261-658_0_1.jpg,epillid/ePillID_data/classification_data/segmented_nih_pills_224,6429
epillid/ePillID_data/classification_data/segmented_nih_pills_224/60429-349_0_1.jpg,60429-349_0_1.jpg,epillid/ePillID_data/classification_data/segmented_nih_pills_224,3666
epillid/ePillID_data/classification_data/fcn_mix_weight/dc_224/2279.jpg,2279.jpg,epillid/ePillID_data/classification_data/fcn_mix_weight/dc_224,3205
epillid/ePillID_data/classification_data/segmented_nih_pills_224/63629-4669_0_0.jpg,63629-4669_0_0.jpg,epillid/ePillID_data/classification_data/segmented_nih_pills_224,3690
epillid/ePillID_data/classification_data/segmented_nih_pills_224/69543-107_0_1.jpg,69543-107_0_1.jpg,epillid/ePillID_data/classification_data/segmented_nih_pills_224,6789
epillid/ePillID_data/classification_data/segmented_nih_pills_224/50436-0121_0_1.jpg,50436-0121_0_1.jpg,epillid/ePillID_data/classification_data/segmented_nih_pills_224,3816
epillid/ePillID_data/classification_data/segmented_nih_pills_224/51655-425_0_0.jpg,51655-425_0_0.jpg,epillid/ePillID_data/classification_data/segmented_nih_pills_224,4633
epillid/ePillID_data/classification_data/segmented_nih_pills_224/62175-107_0_0.jpg,62175-107_0_0.jpg,epillid/ePillID_data/classification_data/segmented_nih_pills_224,4552
epillid/ePillID_data/classification_data/segmented_nih_pills_224/0781-5915_0_1.jpg,0781-5915_0_1.jpg,epillid/ePillID_data/classification_data/segmented_nih_pills_224,6919
epillid/ePillID_data/classification_data/fcn_mix_weight/dc_224/122.jpg,122.jpg,epillid/ePillID_data/classification_data/fcn_mix_weight/dc_224,4687
epillid/ePillID_data/classification_data/fcn_mix_weight/dc_224/4397.jpg,4397.jpg,epillid/ePillID_data/classification_data/fcn_mix_weight/dc_224,4392
epillid/ePillID_data/classification_data/segmented_nih_pills_224/63187-668_0_0.jpg,63187-668_0_0.jpg,epillid/ePillID_data/classification_data/segmented_nih_pills_224,4161
epillid/ePillID_data/classification_data/fcn_mix_weight/dc_224/2922.jpg,2922.jpg,epillid/ePillID_data/classification_data/fcn_mix_weight/dc_224,5075
epillid/ePillID_data/classification_data/segmented_nih_pills_224/67544-468_0_1.jpg,67544-468_0_1.jpg,epillid/ePillID_data/classification_data/segmented_nih_pills_224,6091
epillid/ePillID_data/classification_data/segmented_nih_pills_224/43547-360_0_1.jpg,43547-360_0_1.jpg,epillid/ePillID_data/classification_data/segmented_nih_pills_224,4966
epillid/ePillID_data/classification_data/segmented_nih_pills_224/61786-422_0_1.jpg,61786-422_0_1.jpg,epillid/ePillID_data/classification_data/segmented_nih_pills_224,6391
epillid/ePillID_data/classification_data/segmented_nih_pills_224/55154-7716_0_1.jpg,55154-7716_0_1.jpg,epillid/ePillID_data/classification_data/segmented_nih_pills_224,7285
epillid/ePillID_data/classification_data/segmented_nih_pills_224/16729-168_0_0.jpg,16729-168_0_0.jpg,epillid/ePillID_data/classification_data/segmented_nih_pills_224,4716
epillid/ePillID_data/classification_data/segmented_nih_pills_224/60505-3111_0_0.jpg,60505-3111_0_0.jpg,epillid/ePillID_data/classification_data/segmented_nih_pills_224,4936
epillid/ePillID_data/classification_data/fcn_mix_weight/dc_224/1617.jpg,1617.jpg,epillid/ePillID_data/classification_data/fcn_mix_weight/dc_224,5607
epillid/ePillID_data/classification_data/segmented_nih_pills_224/43353-413_0_1.jpg,43353-413_0_1.jpg,epillid/ePillID_data/classification_data/segmented_nih_pills_224,3174
epillid/ePillID_data/classification_data/segmented_nih_pills_224/61919-075_0_1.jpg,61919-075_0_1.jpg,epillid/ePillID_data/classification_data/segmented_nih_pills_224,4054
epillid/ePillID_data/classification_data/fcn_mix_weight/dr_224/00378-0722-19_PART_1_OF_1_CHAL10_SF_3E241F00.jpg,00378-0722-19_PART_1_OF_1_CHAL10_SF_3E241F00.jpg,epillid/ePillID_data/classification_data/fcn_mix_weight/dr_224,10402
epillid/ePillID_data/classification_data/segmented_nih_pills_224/50090-1185_0_0.jpg,50090-1185_0_0.jpg,epillid/ePillID_data/classification_data/segmented_nih_pills_224,5970
epillid/ePillID_data/classification_data/segmented_nih_pills_224/0615-5550_0_0.jpg,0615-5550_0_0.jpg,epillid/ePillID_data/classification_data/segmented_nih_pills_224,6744
epillid/ePillID_data/classification_data/fcn_mix_weight/dc_224/1130.jpg,1130.jpg,epillid/ePillID_data/classification_data/fcn_mix_weight/dc_224,3184
epillid/ePillID_data/classification_data/segmented_nih_pills_224/0615-7605_0_1.jpg,0615-7605_0_1.jpg,epillid/ePillID_data/classification_data/segmented_nih_pills_224,4869
epillid/ePillID_data/classification_data/segmented_nih_pills_224/42291-183_0_1.jpg,42291-183_0_1.jpg,epillid/ePillID_data/classification_data/segmented_nih_pills_224,4125
epillid/ePillID_data/classification_data/fcn_mix_weight/dc_224/3616.jpg,3616.jpg,epillid/ePillID_data/classification_data/fcn_mix_weight/dc_224,3289
epillid/ePillID_data/classification_data/segmented_nih_pills_224/51285-554_0_0.jpg,51285-554_0_0.jpg,epillid/ePillID_data/classification_data/segmented_nih_pills_224,4069
epillid/ePillID_data/classification_data/segmented_nih_pills_224/57664-393_0_1.jpg,57664-393_0_1.jpg,epillid/ePillID_data/classification_data/segmented_nih_pills_224,5992
epillid/ePillID_data/classification_data/segmented_nih_pills_224/45865-610_0_0.jpg,45865-610_0_0.jpg,epillid/ePillID_data/classification_data/segmented_nih_pills_224,4948
epillid/ePillID_data/classification_data/segmented_nih_pills_224/10544-536_0_1.jpg,10544-536_0_1.jpg,epillid/ePillID_data/classification_data/segmented_nih_pills_224,8196
epillid/ePillID_data/classification_data/fcn_mix_weight/dc_224/2693.jpg,2693.jpg,epillid/ePillID_data/classification_data/fcn_mix_weight/dc_224,5144
epillid/ePillID_data/classification_data/segmented_nih_pills_224/16110-502_0_1.jpg,16110-502_0_1.jpg,epillid/ePillID_data/classification_data/segmented_nih_pills_224,3902
epillid/ePillID_data/classification_data/segmented_nih_pills_224/70786-0752_0_0.jpg,70786-0752_0_0.jpg,epillid/ePillID_data/classification_data/segmented_nih_pills_224,5096
epillid/ePillID_data/classification_data/segmented_nih_pills_224/10544-939_0_1.jpg,10544-939_0_1.jpg,epillid/ePillID_data/classification_data/segmented_nih_pills_224,4041
epillid/ePillID_data/classification_data/segmented_nih_pills_224/0078-0383_0_0.jpg,0078-0383_0_0.jpg,epillid/ePillID_data/classification_data/segmented_nih_pills_224,4369
epillid/ePillID_data/classification_data/segmented_nih_pills_224/53808-0452_0_0.jpg,53808-0452_0_0.jpg,epillid/ePillID_data/classification_data/segmented_nih_pills_224,4450
epillid/ePillID_data/classification_data/segmented_nih_pills_224/0904-1982_0_0.jpg,0904-1982_0_0.jpg,epillid/ePillID_data/classification_data/segmented_nih_pills_224,4983
epillid/ePillID_data/classification_data/segmented_nih_pills_224/68462-720_0_0.jpg,68462-720_0_0.jpg,epillid/ePillID_data/classification_data/segmented_nih_pills_224,4946
epillid/ePillID_data/classification_data/segmented_nih_pills_224/0143-1172_0_1.jpg,0143-1172_0_1.jpg,epillid/ePillID_data/classification_data/segmented_nih_pills_224,5138
epillid/ePillID_data/classification_data/segmented_nih_pills_224/68788-8939_0_1.jpg,68788-8939_0_1.jpg,epillid/ePillID_data/classification_data/segmented_nih_pills_224,3170
epillid/ePillID_data/classification_data/segmented_nih_pills_224/63402-306_0_1.jpg,63402-306_0_1.jpg,epillid/ePillID_data/classification_data/segmented_nih_pills_224,3027
epillid/ePillID_data/classification_data/fcn_mix_weight/dc_224/3801.jpg,3801.jpg,epillid/ePillID_data/classification_data/fcn_mix_weight/dc_224,6555
epillid/ePillID_data/classification_data/fcn_mix_weight/dc_224/1601.jpg,1601.jpg,epillid/ePillID_data/classification_data/fcn_mix_weight/dc_224,3419
epillid/ePillID_data/classification_data/fcn_mix_weight/dc_224/2452.jpg,2452.jpg,epillid/ePillID_data/classification_data/fcn_mix_weight/dc_224,2903
epillid/ePillID_data/classification_data/segmented_nih_pills_224/58118-1345_0_1.jpg,58118-1345_0_1.jpg,epillid/ePillID_data/classification_data/segmented_nih_pills_224,6025
epillid/ePillID_data/classification_data/segmented_nih_pills_224/75921-438_0_0.jpg,75921-438_0_0.jpg,epillid/ePillID_data/classification_data/segmented_nih_pills_224,4684
epillid/ePillID_data/classification_data/segmented_nih_pills_224/65862-528_0_1.jpg,65862-528_0_1.jpg,epillid/ePillID_data/classification_data/segmented_nih_pills_224,3137
epillid/ePillID_data/classification_data/segmented_nih_pills_224/50268-088_0_1.jpg,50268-088_0_1.jpg,epillid/ePillID_data/classification_data/segmented_nih_pills_224,5535
epillid/ePillID_data/classification_data/segmented_nih_pills_224/0615-5534_0_1.jpg,0615-5534_0_1.jpg,epillid/ePillID_data/classification_data/segmented_nih_pills_224,6743
epillid/ePillID_data/classification_data/segmented_nih_pills_224/42254-039_0_1.jpg,42254-039_0_1.jpg,epillid/ePillID_data/classification_data/segmented_nih_pills_224,3874
epillid/ePillID_data/classification_data/segmented_nih_pills_224/63629-2585_0_1.jpg,63629-2585_0_1.jpg,epillid/ePillID_data/classification_data/segmented_nih_pills_224,4758
epillid/ePillID_data/classification_data/segmented_nih_pills_224/43353-868_0_0.jpg,43353-868_0_0.jpg,epillid/ePillID_data/classification_data/segmented_nih_pills_224,3979
epillid/ePillID_data/classification_data/segmented_nih_pills_224/55154-3938_0_1.jpg,55154-3938_0_1.jpg,epillid/ePillID_data/classification_data/segmented_nih_pills_224,3441
epillid/ePillID_data/classification_data/fcn_mix_weight/dc_224/1765.jpg,1765.jpg,epillid/ePillID_data/classification_data/fcn_mix_weight/dc_224,4288
epillid/ePillID_data/classification_data/segmented_nih_pills_224/67046-642_0_0.jpg,67046-642_0_0.jpg,epillid/ePillID_data/classification_data/segmented_nih_pills_224,4778
epillid/ePillID_data/classification_data/segmented_nih_pills_224/0179-0033_0_0.jpg,0179-0033_0_0.jpg,epillid/ePillID_data/classification_data/segmented_nih_pills_224,3455
epillid/ePillID_data/classification_data/segmented_nih_pills_224/0574-0240_0_1.jpg,0574-0240_0_1.jpg,epillid/ePillID_data/classification_data/segmented_nih_pills_224,4649
epillid/ePillID_data/classification_data/segmented_nih_pills_224/67544-204_0_0.jpg,67544-204_0_0.jpg,epillid/ePillID_data/classification_data/segmented_nih_pills_224,4016
epillid/ePillID_data/classification_data/segmented_nih_pills_224/43063-392_0_0.jpg,43063-392_0_0.jpg,epillid/ePillID_data/classification_data/segmented_nih_pills_224,6362
epillid/ePillID_data/classification_data/fcn_mix_weight/dr_224/60505-0146-00_PART_1_OF_1_CHAL10_SF_46292339.jpg,60505-0146-00_PART_1_OF_1_CHAL10_SF_46292339.jpg,epillid/ePillID_data/classification_data/fcn_mix_weight/dr_224,6751
epillid/ePillID_data/classification_data/segmented_nih_pills_224/67877-216_0_1.jpg,67877-216_0_1.jpg,epillid/ePillID_data/classification_data/segmented_nih_pills_224,3743
epillid/ePillID_data/classification_data/fcn_mix_weight/dc_224/3559.jpg,3559.jpg,epillid/ePillID_data/classification_data/fcn_mix_weight/dc_224,3849
epillid/ePillID_data/classification_data/segmented_nih_pills_224/57664-396_0_0.jpg,57664-396_0_0.jpg,epillid/ePillID_data/classification_data/segmented_nih_pills_224,6238
epillid/ePillID_data/classification_data/segmented_nih_pills_224/16714-697_0_0.jpg,16714-697_0_0.jpg,epillid/ePillID_data/classification_data/segmented_nih_pills_224,3174
epillid/ePillID_data/classification_data/segmented_nih_pills_224/68258-6043_0_1.jpg,68258-6043_0_1.jpg,epillid/ePillID_data/classification_data/segmented_nih_pills_224,3564
epillid/ePillID_data/classification_data/segmented_nih_pills_224/54868-5013_0_0.jpg,54868-5013_0_0.jpg,epillid/ePillID_data/classification_data/segmented_nih_pills_224,5043
epillid/ePillID_data/classification_data/segmented_nih_pills_224/43353-303_0_0.jpg,43353-303_0_0.jpg,epillid/ePillID_data/classification_data/segmented_nih_pills_224,3540
epillid/ePillID_data/classification_data/segmented_nih_pills_224/60505-0041_0_1.jpg,60505-0041_0_1.jpg,epillid/ePillID_data/classification_data/segmented_nih_pills_224,3354
epillid/ePillID_data/classification_data/segmented_nih_pills_224/50111-917_0_0.jpg,50111-917_0_0.jpg,epillid/ePillID_data/classification_data/segmented_nih_pills_224,4661
epillid/ePillID_data/classification_data/segmented_nih_pills_224/54868-4665_0_1.jpg,54868-4665_0_1.jpg,epillid/ePillID_data/classification_data/segmented_nih_pills_224,4396
epillid/ePillID_data/classification_data/segmented_nih_pills_224/50111-470_0_1.jpg,50111-470_0_1.jpg,epillid/ePillID_data/classification_data/segmented_nih_pills_224,6940
epillid/ePillID_data/classification_data/segmented_nih_pills_224/54868-1432_0_0.jpg,54868-1432_0_0.jpg,epillid/ePillID_data/classification_data/segmented_nih_pills_224,9544
epillid/ePillID_data/classification_data/segmented_nih_pills_224/66267-103_0_0.jpg,66267-103_0_0.jpg,epillid/ePillID_data/classification_data/segmented_nih_pills_224,5441
epillid/ePillID_data/classification_data/segmented_nih_pills_224/64725-0056_0_1.jpg,64725-0056_0_1.jpg,epillid/ePillID_data/classification_data/segmented_nih_pills_224,4129
epillid/ePillID_data/classification_data/segmented_nih_pills_224/43353-799_0_1.jpg,43353-799_0_1.jpg,epillid/ePillID_data/classification_data/segmented_nih_pills_224,4485
epillid/ePillID_data/classification_data/segmented_nih_pills_224/65597-112_0_0.jpg,65597-112_0_0.jpg,epillid/ePillID_data/classification_data/segmented_nih_pills_224,5695
epillid/ePillID_data/classification_data/fcn_mix_weight/dc_224/62.jpg,62.jpg,epillid/ePillID_data/classification_data/fcn_mix_weight/dc_224,3924
epillid/ePillID_data/classification_data/segmented_nih_pills_224/55154-3933_0_1.jpg,55154-3933_0_1.jpg,epillid/ePillID_data/classification_data/segmented_nih_pills_224,3236
epillid/ePillID_data/classification_data/segmented_nih_pills_224/21695-699_0_0.jpg,21695-699_0_0.jpg,epillid/ePillID_data/classification_data/segmented_nih_pills_224,6359
epillid/ePillID_data/classification_data/fcn_mix_weight/dc_224/650.jpg,650.jpg,epillid/ePillID_data/classification_data/fcn_mix_weight/dc_224,4004
epillid/ePillID_data/classification_data/segmented_nih_pills_224/63187-312_0_1.jpg,63187-312_0_1.jpg,epillid/ePillID_data/classification_data/segmented_nih_pills_224,4041
epillid/ePillID_data/classification_data/segmented_nih_pills_224/49999-102_0_0.jpg,49999-102_0_0.jpg,epillid/ePillID_data/classification_data/segmented_nih_pills_224,4222
epillid/ePillID_data/classification_data/segmented_nih_pills_224/21695-738_0_1.jpg,21695-738_0_1.jpg,epillid/ePillID_data/classification_data/segmented_nih_pills_224,5878
epillid/ePillID_data/classification_data/fcn_mix_weight/dc_224/274.jpg,274.jpg,epillid/ePillID_data/classification_data/fcn_mix_weight/dc_224,3798
epillid/ePillID_data/classification_data/segmented_nih_pills_224/64380-742_0_1.jpg,64380-742_0_1.jpg,epillid/ePillID_data/classification_data/segmented_nih_pills_224,3325
epillid/ePillID_data/classification_data/fcn_mix_weight/dc_224/4511.jpg,4511.jpg,epillid/ePillID_data/classification_data/fcn_mix_weight/dc_224,4913
epillid/ePillID_data/classification_data/segmented_nih_pills_224/61919-153_0_1.jpg,61919-153_0_1.jpg,epillid/ePillID_data/classification_data/segmented_nih_pills_224,4429
epillid/ePillID_data/classification_data/fcn_mix_weight/dc_224/3035.jpg,3035.jpg,epillid/ePillID_data/classification_data/fcn_mix_weight/dc_224,6070
epillid/ePillID_data/classification_data/fcn_mix_weight/dr_224/51285-0063-90_PART_2_OF_2_CHAL10_SF_732D39A9.jpg,51285-0063-90_PART_2_OF_2_CHAL10_SF_732D39A9.jpg,epillid/ePillID_data/classification_data/fcn_mix_weight/dr_224,7705
epillid/ePillID_data/classification_data/segmented_nih_pills_224/53808-1010_0_0.jpg,53808-1010_0_0.jpg,epillid/ePillID_data/classification_data/segmented_nih_pills_224,3705
epillid/ePillID_data/classification_data/segmented_nih_pills_224/61919-968_0_0.jpg,61919-968_0_0.jpg,epillid/ePillID_data/classification_data/segmented_nih_pills_224,3618
epillid/ePillID_data/classification_data/segmented_nih_pills_224/53489-647_0_1.jpg,53489-647_0_1.jpg,epillid/ePillID_data/classification_data/segmented_nih_pills_224,4748
epillid/ePillID_data/classification_data/segmented_nih_pills_224/0093-5127_0_0.jpg,0093-5127_0_0.jpg,epillid/ePillID_data/classification_data/segmented_nih_pills_224,5917
epillid/ePillID_data/classification_data/segmented_nih_pills_224/43353-828_0_1.jpg,43353-828_0_1.jpg,epillid/ePillID_data/classification_data/segmented_nih_pills_224,3162
epillid/ePillID_data/classification_data/segmented_nih_pills_224/55289-097_0_1.jpg,55289-097_0_1.jpg,epillid/ePillID_data/classification_data/segmented_nih_pills_224,3721
epillid/ePillID_data/classification_data/segmented_nih_pills_224/50090-0892_0_0.jpg,50090-0892_0_0.jpg,epillid/ePillID_data/classification_data/segmented_nih_pills_224,4857
epillid/ePillID_data/classification_data/segmented_nih_pills_224/16590-589_0_1.jpg,16590-589_0_1.jpg,epillid/ePillID_data/classification_data/segmented_nih_pills_224,4162
epillid/ePillID_data/classification_data/segmented_nih_pills_224/61919-282_0_0.jpg,61919-282_0_0.jpg,epillid/ePillID_data/classification_data/segmented_nih_pills_224,5041
epillid/ePillID_data/classification_data/segmented_nih_pills_224/53808-0722_0_0.jpg,53808-0722_0_0.jpg,epillid/ePillID_data/classification_data/segmented_nih_pills_224,4767
epillid/ePillID_data/classification_data/segmented_nih_pills_224/63187-169_0_1.jpg,63187-169_0_1.jpg,epillid/ePillID_data/classification_data/segmented_nih_pills_224,3170
epillid/ePillID_data/classification_data/segmented_nih_pills_224/67296-0073_0_0.jpg,67296-0073_0_0.jpg,epillid/ePillID_data/classification_data/segmented_nih_pills_224,4237
epillid/ePillID_data/classification_data/segmented_nih_pills_224/21695-382_0_0.jpg,21695-382_0_0.jpg,epillid/ePillID_data/classification_data/segmented_nih_pills_224,5367
epillid/ePillID_data/classification_data/fcn_mix_weight/dr_224/51672-4032-01_PART_1_OF_1_CHAL10_SB_E52672E3.jpg,51672-4032-01_PART_1_OF_1_CHAL10_SB_E52672E3.jpg,epillid/ePillID_data/classification_data/fcn_mix_weight/dr_224,9669
epillid/ePillID_data/classification_data/fcn_mix_weight/dc_224/4331.jpg,4331.jpg,epillid/ePillID_data/classification_data/fcn_mix_weight/dc_224,3810
epillid/ePillID_data/classification_data/segmented_nih_pills_224/50090-0646_0_1.jpg,50090-0646_0_1.jpg,epillid/ePillID_data/classification_data/segmented_nih_pills_224,7149
epillid/ePillID_data/classification_data/segmented_nih_pills_224/50436-6756_0_1.jpg,50436-6756_0_1.jpg,epillid/ePillID_data/classification_data/segmented_nih_pills_224,3878
epillid/ePillID_data/classification_data/segmented_nih_pills_224/50436-3000_0_1.jpg,50436-3000_0_1.jpg,epillid/ePillID_data/classification_data/segmented_nih_pills_224,4607
epillid/ePillID_data/classification_data/segmented_nih_pills_224/49999-772_0_1.jpg,49999-772_0_1.jpg,epillid/ePillID_data/classification_data/segmented_nih_pills_224,3549
epillid/ePillID_data/classification_data/segmented_nih_pills_224/64205-537_0_0.jpg,64205-537_0_0.jpg,epillid/ePillID_data/classification_data/segmented_nih_pills_224,3379
epillid/ePillID_data/classification_data/segmented_nih_pills_224/50268-714_0_1.jpg,50268-714_0_1.jpg,epillid/ePillID_data/classification_data/segmented_nih_pills_224,5226
epillid/ePillID_data/classification_data/fcn_mix_weight/dc_224/1611.jpg,1611.jpg,epillid/ePillID_data/classification_data/fcn_mix_weight/dc_224,4188
epillid/ePillID_data/classification_data/segmented_nih_pills_224/61786-304_0_1.jpg,61786-304_0_1.jpg,epillid/ePillID_data/classification_data/segmented_nih_pills_224,4692
epillid/ePillID_data/classification_data/segmented_nih_pills_224/42254-094_0_1.jpg,42254-094_0_1.jpg,epillid/ePillID_data/classification_data/segmented_nih_pills_224,4726
epillid/ePillID_data/classification_data/fcn_mix_weight/dc_224/2556.jpg,2556.jpg,epillid/ePillID_data/classification_data/fcn_mix_weight/dc_224,2997
epillid/ePillID_data/classification_data/segmented_nih_pills_224/63304-829_0_1.jpg,63304-829_0_1.jpg,epillid/ePillID_data/classification_data/segmented_nih_pills_224,3564
epillid/ePillID_data/classification_data/segmented_nih_pills_224/43063-188_0_1.jpg,43063-188_0_1.jpg,epillid/ePillID_data/classification_data/segmented_nih_pills_224,3679
epillid/ePillID_data/classification_data/segmented_nih_pills_224/43353-895_0_1.jpg,43353-895_0_1.jpg,epillid/ePillID_data/classification_data/segmented_nih_pills_224,3482
epillid/ePillID_data/classification_data/segmented_nih_pills_224/54868-5712_0_1.jpg,54868-5712_0_1.jpg,epillid/ePillID_data/classification_data/segmented_nih_pills_224,4127
epillid/ePillID_data/classification_data/segmented_nih_pills_224/21695-467_0_1.jpg,21695-467_0_1.jpg,epillid/ePillID_data/classification_data/segmented_nih_pills_224,4465
epillid/ePillID_data/classification_data/segmented_nih_pills_224/0615-8015_0_1.jpg,0615-8015_0_1.jpg,epillid/ePillID_data/classification_data/segmented_nih_pills_224,4763
epillid/ePillID_data/classification_data/segmented_nih_pills_224/42291-658_0_1.jpg,42291-658_0_1.jpg,epillid/ePillID_data/classification_data/segmented_nih_pills_224,4381
epillid/ePillID_data/classification_data/segmented_nih_pills_224/69189-0608_0_1.jpg,69189-0608_0_1.jpg,epillid/ePillID_data/classification_data/segmented_nih_pills_224,5039
epillid/ePillID_data/classification_data/segmented_nih_pills_224/68462-179_0_1.jpg,68462-179_0_1.jpg,epillid/ePillID_data/classification_data/segmented_nih_pills_224,3801
epillid/ePillID_data/classification_data/fcn_mix_weight/dc_224/2911.jpg,2911.jpg,epillid/ePillID_data/classification_data/fcn_mix_weight/dc_224,3531
epillid/ePillID_data/classification_data/segmented_nih_pills_224/42549-517_0_1.jpg,42549-517_0_1.jpg,epillid/ePillID_data/classification_data/segmented_nih_pills_224,3487
epillid/ePillID_data/classification_data/segmented_nih_pills_224/54868-6452_0_1.jpg,54868-6452_0_1.jpg,epillid/ePillID_data/classification_data/segmented_nih_pills_224,4649
epillid/ePillID_data/classification_data/fcn_mix_weight/dr_224/00555-0513-02_PART_1_OF_1_CHAL10_SB_D92B6CFB.jpg,00555-0513-02_PART_1_OF_1_CHAL10_SB_D92B6CFB.jpg,epillid/ePillID_data/classification_data/fcn_mix_weight/dr_224,5575
epillid/ePillID_data/classification_data/segmented_nih_pills_224/54868-2835_0_0.jpg,54868-2835_0_0.jpg,epillid/ePillID_data/classification_data/segmented_nih_pills_224,4267
epillid/ePillID_data/classification_data/segmented_nih_pills_224/66993-475_0_1.jpg,66993-475_0_1.jpg,epillid/ePillID_data/classification_data/segmented_nih_pills_224,4127
epillid/ePillID_data/classification_data/segmented_nih_pills_224/0093-7368_0_0.jpg,0093-7368_0_0.jpg,epillid/ePillID_data/classification_data/segmented_nih_pills_224,4071
epillid/ePillID_data/classification_data/fcn_mix_weight/dc_224/2821.jpg,2821.jpg,epillid/ePillID_data/classification_data/fcn_mix_weight/dc_224,5897
epillid/ePillID_data/classification_data/segmented_nih_pills_224/64725-0158_0_1.jpg,64725-0158_0_1.jpg,epillid/ePillID_data/classification_data/segmented_nih_pills_224,3103
epillid/ePillID_data/classification_data/segmented_nih_pills_224/48433-310_0_1.jpg,48433-310_0_1.jpg,epillid/ePillID_data/classification_data/segmented_nih_pills_224,3698
epillid/ePillID_data/classification_data/segmented_nih_pills_224/55289-692_0_1.jpg,55289-692_0_1.jpg,epillid/ePillID_data/classification_data/segmented_nih_pills_224,6253
epillid/ePillID_data/classification_data/fcn_mix_weight/dr_224/00172-2908-60_PART_1_OF_1_CHAL10_SF_BC26DE56.jpg,00172-2908-60_PART_1_OF_1_CHAL10_SF_BC26DE56.jpg,epillid/ePillID_data/classification_data/fcn_mix_weight/dr_224,9132
epillid/ePillID_data/classification_data/segmented_nih_pills_224/42291-724_0_1.jpg,42291-724_0_1.jpg,epillid/ePillID_data/classification_data/segmented_nih_pills_224,4769
epillid/ePillID_data/classification_data/segmented_nih_pills_224/49999-860_0_0.jpg,49999-860_0_0.jpg,epillid/ePillID_data/classification_data/segmented_nih_pills_224,4019
epillid/ePillID_data/classification_data/segmented_nih_pills_224/54868-4871_0_0.jpg,54868-4871_0_0.jpg,epillid/ePillID_data/classification_data/segmented_nih_pills_224,5479
epillid/ePillID_data/classification_data/segmented_nih_pills_224/33261-112_0_0.jpg,33261-112_0_0.jpg,epillid/ePillID_data/classification_data/segmented_nih_pills_224,3544
epillid/ePillID_data/classification_data/fcn_mix_weight/dc_224/2753.jpg,2753.jpg,epillid/ePillID_data/classification_data/fcn_mix_weight/dc_224,3924
epillid/ePillID_data/classification_data/fcn_mix_weight/dc_224/2894.jpg,2894.jpg,epillid/ePillID_data/classification_data/fcn_mix_weight/dc_224,3957
epillid/ePillID_data/classification_data/segmented_nih_pills_224/21695-592_0_0.jpg,21695-592_0_0.jpg,epillid/ePillID_data/classification_data/segmented_nih_pills_224,7263
epillid/ePillID_data/classification_data/fcn_mix_weight/dc_224/3365.jpg,3365.jpg,epillid/ePillID_data/classification_data/fcn_mix_weight/dc_224,5236
epillid/ePillID_data/classification_data/segmented_nih_pills_224/0615-7677_0_0.jpg,0615-7677_0_0.jpg,epillid/ePillID_data/classification_data/segmented_nih_pills_224,5287
epillid/ePillID_data/classification_data/fcn_mix_weight/dr_224/00093-0537-01_PART_1_OF_1_CHAL10_SB_942B4A7A.jpg,00093-0537-01_PART_1_OF_1_CHAL10_SB_942B4A7A.jpg,epillid/ePillID_data/classification_data/fcn_mix_weight/dr_224,6052
epillid/ePillID_data/classification_data/segmented_nih_pills_224/50436-9988_0_1.jpg,50436-9988_0_1.jpg,epillid/ePillID_data/classification_data/segmented_nih_pills_224,3628
epillid/ePillID_data/classification_data/segmented_nih_pills_224/43353-946_0_0.jpg,43353-946_0_0.jpg,epillid/ePillID_data/classification_data/segmented_nih_pills_224,4851
epillid/ePillID_data/classification_data/segmented_nih_pills_224/70786-0351_0_1.jpg,70786-0351_0_1.jpg,epillid/ePillID_data/classification_data/segmented_nih_pills_224,3163
epillid/ePillID_data/classification_data/segmented_nih_pills_224/66267-126_0_0.jpg,66267-126_0_0.jpg,epillid/ePillID_data/classification_data/segmented_nih_pills_224,4075
epillid/ePillID_data/classification_data/segmented_nih_pills_224/53808-1046_0_0.jpg,53808-1046_0_0.jpg,epillid/ePillID_data/classification_data/segmented_nih_pills_224,3513
epillid/ePillID_data/classification_data/segmented_nih_pills_224/0781-5405_0_1.jpg,0781-5405_0_1.jpg,epillid/ePillID_data/classification_data/segmented_nih_pills_224,5999
epillid/ePillID_data/classification_data/segmented_nih_pills_224/58118-1342_0_1.jpg,58118-1342_0_1.jpg,epillid/ePillID_data/classification_data/segmented_nih_pills_224,5011
epillid/ePillID_data/classification_data/segmented_nih_pills_224/0615-7823_0_0.jpg,0615-7823_0_0.jpg,epillid/ePillID_data/classification_data/segmented_nih_pills_224,4048
epillid/ePillID_data/classification_data/segmented_nih_pills_224/61786-954_0_0.jpg,61786-954_0_0.jpg,epillid/ePillID_data/classification_data/segmented_nih_pills_224,3938
epillid/ePillID_data/classification_data/segmented_nih_pills_224/61919-149_0_1.jpg,61919-149_0_1.jpg,epillid/ePillID_data/classification_data/segmented_nih_pills_224,3957
epillid/ePillID_data/classification_data/segmented_nih_pills_224/55111-399_0_1.jpg,55111-399_0_1.jpg,epillid/ePillID_data/classification_data/segmented_nih_pills_224,2948
epillid/ePillID_data/classification_data/segmented_nih_pills_224/10544-925_0_0.jpg,10544-925_0_0.jpg,epillid/ePillID_data/classification_data/segmented_nih_pills_224,3599
epillid/ePillID_data/classification_data/segmented_nih_pills_224/0615-7523_0_1.jpg,0615-7523_0_1.jpg,epillid/ePillID_data/classification_data/segmented_nih_pills_224,5668
epillid/ePillID_data/classification_data/segmented_nih_pills_224/63187-451_0_1.jpg,63187-451_0_1.jpg,epillid/ePillID_data/classification_data/segmented_nih_pills_224,3472
epillid/ePillID_data/classification_data/segmented_nih_pills_224/64725-1473_0_1.jpg,64725-1473_0_1.jpg,epillid/ePillID_data/classification_data/segmented_nih_pills_224,4565
epillid/ePillID_data/classification_data/segmented_nih_pills_224/68788-9765_0_0.jpg,68788-9765_0_0.jpg,epillid/ePillID_data/classification_data/segmented_nih_pills_224,5350
epillid/ePillID_data/classification_data/fcn_mix_weight/dc_224/4943.jpg,4943.jpg,epillid/ePillID_data/classification_data/fcn_mix_weight/dc_224,4553
epillid/ePillID_data/classification_data/segmented_nih_pills_224/49702-206_0_1.jpg,49702-206_0_1.jpg,epillid/ePillID_data/classification_data/segmented_nih_pills_224,3957
epillid/ePillID_data/classification_data/segmented_nih_pills_224/10544-518_0_0.jpg,10544-518_0_0.jpg,epillid/ePillID_data/classification_data/segmented_nih_pills_224,7990
epillid/ePillID_data/classification_data/segmented_nih_pills_224/45865-426_0_1.jpg,45865-426_0_1.jpg,epillid/ePillID_data/classification_data/segmented_nih_pills_224,4684
epillid/ePillID_data/classification_data/segmented_nih_pills_224/54868-4607_0_0.jpg,54868-4607_0_0.jpg,epillid/ePillID_data/classification_data/segmented_nih_pills_224,4665
epillid/ePillID_data/classification_data/segmented_nih_pills_224/68151-4186_0_1.jpg,68151-4186_0_1.jpg,epillid/ePillID_data/classification_data/segmented_nih_pills_224,10896
epillid/ePillID_data/classification_data/segmented_nih_pills_224/16590-152_0_1.jpg,16590-152_0_1.jpg,epillid/ePillID_data/classification_data/segmented_nih_pills_224,3303
epillid/ePillID_data/classification_data/segmented_nih_pills_224/60429-097_0_1.jpg,60429-097_0_1.jpg,epillid/ePillID_data/classification_data/segmented_nih_pills_224,7532
epillid/ePillID_data/classification_data/segmented_nih_pills_224/68788-9179_0_1.jpg,68788-9179_0_1.jpg,epillid/ePillID_data/classification_data/segmented_nih_pills_224,5692
epillid/ePillID_data/classification_data/segmented_nih_pills_224/61786-696_0_0.jpg,61786-696_0_0.jpg,epillid/ePillID_data/classification_data/segmented_nih_pills_224,4062
epillid/ePillID_data/classification_data/segmented_nih_pills_224/0591-0796_0_1.jpg,0591-0796_0_1.jpg,epillid/ePillID_data/classification_data/segmented_nih_pills_224,7449
epillid/ePillID_data/classification_data/fcn_mix_weight/dc_224/283.jpg,283.jpg,epillid/ePillID_data/classification_data/fcn_mix_weight/dc_224,3585
epillid/ePillID_data/classification_data/segmented_nih_pills_224/63187-420_0_1.jpg,63187-420_0_1.jpg,epillid/ePillID_data/classification_data/segmented_nih_pills_224,3440
epillid/ePillID_data/classification_data/segmented_nih_pills_224/53808-1013_0_0.jpg,53808-1013_0_0.jpg,epillid/ePillID_data/classification_data/segmented_nih_pills_224,5387
epillid/ePillID_data/classification_data/segmented_nih_pills_224/63187-750_0_0.jpg,63187-750_0_0.jpg,epillid/ePillID_data/classification_data/segmented_nih_pills_224,4109
epillid/ePillID_data/classification_data/segmented_nih_pills_224/43063-419_0_0.jpg,43063-419_0_0.jpg,epillid/ePillID_data/classification_data/segmented_nih_pills_224,4750
epillid/ePillID_data/classification_data/segmented_nih_pills_224/55289-176_0_0.jpg,55289-176_0_0.jpg,epillid/ePillID_data/classification_data/segmented_nih_pills_224,7369
epillid/ePillID_data/classification_data/fcn_mix_weight/dc_224/3147.jpg,3147.jpg,epillid/ePillID_data/classification_data/fcn_mix_weight/dc_224,3278
epillid/ePillID_data/classification_data/segmented_nih_pills_224/0378-1458_0_1.jpg,0378-1458_0_1.jpg,epillid/ePillID_data/classification_data/segmented_nih_pills_224,5993
epillid/ePillID_data/classification_data/segmented_nih_pills_224/68151-4281_0_1.jpg,68151-4281_0_1.jpg,epillid/ePillID_data/classification_data/segmented_nih_pills_224,3312
epillid/ePillID_data/classification_data/fcn_mix_weight/dc_224/538.jpg,538.jpg,epillid/ePillID_data/classification_data/fcn_mix_weight/dc_224,5535
epillid/ePillID_data/classification_data/segmented_nih_pills_224/50436-0193_0_0.jpg,50436-0193_0_0.jpg,epillid/ePillID_data/classification_data/segmented_nih_pills_224,8010
epillid/ePillID_data/classification_data/fcn_mix_weight/dc_224/876.jpg,876.jpg,epillid/ePillID_data/classification_data/fcn_mix_weight/dc_224,3600
epillid/ePillID_data/classification_data/fcn_mix_weight/dc_224/293.jpg,293.jpg,epillid/ePillID_data/classification_data/fcn_mix_weight/dc_224,5161
epillid/ePillID_data/classification_data/segmented_nih_pills_224/0093-1118_0_1.jpg,0093-1118_0_1.jpg,epillid/ePillID_data/classification_data/segmented_nih_pills_224,4204
epillid/ePillID_data/classification_data/segmented_nih_pills_224/16714-391_0_0.jpg,16714-391_0_0.jpg,epillid/ePillID_data/classification_data/segmented_nih_pills_224,3995
epillid/ePillID_data/classification_data/fcn_mix_weight/dr_224/23635-0108-20_PART_1_OF_1_CHAL10_SB_DC1DEE0F.jpg,23635-0108-20_PART_1_OF_1_CHAL10_SB_DC1DEE0F.jpg,epillid/ePillID_data/classification_data/fcn_mix_weight/dr_224,4795
epillid/ePillID_data/classification_data/segmented_nih_pills_224/68788-9830_0_1.jpg,68788-9830_0_1.jpg,epillid/ePillID_data/classification_data/segmented_nih_pills_224,3038
epillid/ePillID_data/classification_data/fcn_mix_weight/dr_224/00093-2203-01_PART_1_OF_1_CHAL10_SF_CE27E77F.jpg,00093-2203-01_PART_1_OF_1_CHAL10_SF_CE27E77F.jpg,epillid/ePillID_data/classification_data/fcn_mix_weight/dr_224,9811
epillid/ePillID_data/classification_data/fcn_mix_weight/dr_224/00093-7256-01_PART_1_OF_1_CHAL10_SB_EA267553.jpg,00093-7256-01_PART_1_OF_1_CHAL10_SB_EA267553.jpg,epillid/ePillID_data/classification_data/fcn_mix_weight/dr_224,13361
epillid/ePillID_data/classification_data/segmented_nih_pills_224/51138-211_0_1.jpg,51138-211_0_1.jpg,epillid/ePillID_data/classification_data/segmented_nih_pills_224,5541
epillid/ePillID_data/classification_data/fcn_mix_weight/dc_224/1076.jpg,1076.jpg,epillid/ePillID_data/classification_data/fcn_mix_weight/dc_224,3245
epillid/ePillID_data/classification_data/segmented_nih_pills_224/16590-631_0_0.jpg,16590-631_0_0.jpg,epillid/ePillID_data/classification_data/segmented_nih_pills_224,3978
epillid/ePillID_data/classification_data/segmented_nih_pills_224/21695-039_0_0.jpg,21695-039_0_0.jpg,epillid/ePillID_data/classification_data/segmented_nih_pills_224,5655
epillid/ePillID_data/classification_data/fcn_mix_weight/dc_224/4544.jpg,4544.jpg,epillid/ePillID_data/classification_data/fcn_mix_weight/dc_224,6349
epillid/ePillID_data/classification_data/fcn_mix_weight/dc_224/4248.jpg,4248.jpg,epillid/ePillID_data/classification_data/fcn_mix_weight/dc_224,5762
epillid/ePillID_data/classification_data/fcn_mix_weight/dr_224/00781-5181-01_PART_1_OF_1_CHAL10_SF_6C23B66D.jpg,00781-5181-01_PART_1_OF_1_CHAL10_SF_6C23B66D.jpg,epillid/ePillID_data/classification_data/fcn_mix_weight/dr_224,6567
epillid/ePillID_data/classification_data/segmented_nih_pills_224/54868-4252_0_0.jpg,54868-4252_0_0.jpg,epillid/ePillID_data/classification_data/segmented_nih_pills_224,3955
epillid/ePillID_data/classification_data/fcn_mix_weight/dc_224/703.jpg,703.jpg,epillid/ePillID_data/classification_data/fcn_mix_weight/dc_224,4332
epillid/ePillID_data/classification_data/fcn_mix_weight/dc_224/3428.jpg,3428.jpg,epillid/ePillID_data/classification_data/fcn_mix_weight/dc_224,5541
epillid/ePillID_data/classification_data/segmented_nih_pills_224/43353-792_0_0.jpg,43353-792_0_0.jpg,epillid/ePillID_data/classification_data/segmented_nih_pills_224,6840
epillid/ePillID_data/classification_data/segmented_nih_pills_224/53808-0547_0_0.jpg,53808-0547_0_0.jpg,epillid/ePillID_data/classification_data/segmented_nih_pills_224,8417
epillid/ePillID_data/classification_data/segmented_nih_pills_224/0378-1807_0_0.jpg,0378-1807_0_0.jpg,epillid/ePillID_data/classification_data/segmented_nih_pills_224,4684
epillid/ePillID_data/classification_data/segmented_nih_pills_224/54868-5849_0_1.jpg,54868-5849_0_1.jpg,epillid/ePillID_data/classification_data/segmented_nih_pills_224,4086
epillid/ePillID_data/classification_data/segmented_nih_pills_224/10544-569_0_0.jpg,10544-569_0_0.jpg,epillid/ePillID_data/classification_data/segmented_nih_pills_224,3371
epillid/ePillID_data/classification_data/segmented_nih_pills_224/68788-6781_0_0.jpg,68788-6781_0_0.jpg,epillid/ePillID_data/classification_data/segmented_nih_pills_224,4421
epillid/ePillID_data/classification_data/fcn_mix_weight/dc_224/3306.jpg,3306.jpg,epillid/ePillID_data/classification_data/fcn_mix_weight/dc_224,3926
epillid/ePillID_data/classification_data/segmented_nih_pills_224/61786-851_0_0.jpg,61786-851_0_0.jpg,epillid/ePillID_data/classification_data/segmented_nih_pills_224,5135
epillid/ePillID_data/classification_data/segmented_nih_pills_224/76237-222_0_0.jpg,76237-222_0_0.jpg,epillid/ePillID_data/classification_data/segmented_nih_pills_224,5059
epillid/ePillID_data/classification_data/fcn_mix_weight/dc_224/36.jpg,36.jpg,epillid/ePillID_data/classification_data/fcn_mix_weight/dc_224,5751
epillid/ePillID_data/classification_data/segmented_nih_pills_224/50436-4313_0_1.jpg,50436-4313_0_1.jpg,epillid/ePillID_data/classification_data/segmented_nih_pills_224,6890
epillid/ePillID_data/classification_data/segmented_nih_pills_224/63187-707_0_0.jpg,63187-707_0_0.jpg,epillid/ePillID_data/classification_data/segmented_nih_pills_224,7255
epillid/ePillID_data/classification_data/segmented_nih_pills_224/53808-0895_0_1.jpg,53808-0895_0_1.jpg,epillid/ePillID_data/classification_data/segmented_nih_pills_224,3607
epillid/ePillID_data/classification_data/fcn_mix_weight/dc_224/1745.jpg,1745.jpg,epillid/ePillID_data/classification_data/fcn_mix_weight/dc_224,4575
epillid/ePillID_data/classification_data/fcn_mix_weight/dc_224/4625.jpg,4625.jpg,epillid/ePillID_data/classification_data/fcn_mix_weight/dc_224,5014
epillid/ePillID_data/classification_data/segmented_nih_pills_224/63629-1395_0_1.jpg,63629-1395_0_1.jpg,epillid/ePillID_data/classification_data/segmented_nih_pills_224,4089
epillid/ePillID_data/classification_data/segmented_nih_pills_224/66336-586_0_0.jpg,66336-586_0_0.jpg,epillid/ePillID_data/classification_data/segmented_nih_pills_224,5811
epillid/ePillID_data/classification_data/segmented_nih_pills_224/49999-936_0_1.jpg,49999-936_0_1.jpg,epillid/ePillID_data/classification_data/segmented_nih_pills_224,3312
epillid/ePillID_data/classification_data/segmented_nih_pills_224/50436-0195_0_0.jpg,50436-0195_0_0.jpg,epillid/ePillID_data/classification_data/segmented_nih_pills_224,6388
epillid/ePillID_data/classification_data/segmented_nih_pills_224/43063-460_0_1.jpg,43063-460_0_1.jpg,epillid/ePillID_data/classification_data/segmented_nih_pills_224,5711
epillid/ePillID_data/classification_data/segmented_nih_pills_224/63629-3371_0_1.jpg,63629-3371_0_1.jpg,epillid/ePillID_data/classification_data/segmented_nih_pills_224,4851
epillid/ePillID_data/classification_data/segmented_nih_pills_224/10544-122_0_0.jpg,10544-122_0_0.jpg,epillid/ePillID_data/classification_data/segmented_nih_pills_224,3950
epillid/ePillID_data/classification_data/segmented_nih_pills_224/10370-510_0_0.jpg,10370-510_0_0.jpg,epillid/ePillID_data/classification_data/segmented_nih_pills_224,4353
epillid/ePillID_data/classification_data/fcn_mix_weight/dr_224/00591-3210-60_PART_1_OF_1_CHAL10_SF_341C9A14.jpg,00591-3210-60_PART_1_OF_1_CHAL10_SF_341C9A14.jpg,epillid/ePillID_data/classification_data/fcn_mix_weight/dr_224,8010
epillid/ePillID_data/classification_data/segmented_nih_pills_224/68151-0308_0_1.jpg,68151-0308_0_1.jpg,epillid/ePillID_data/classification_data/segmented_nih_pills_224,5467
epillid/ePillID_data/classification_data/segmented_nih_pills_224/69189-5020_0_1.jpg,69189-5020_0_1.jpg,epillid/ePillID_data/classification_data/segmented_nih_pills_224,3339
epillid/ePillID_data/classification_data/segmented_nih_pills_224/23155-227_0_1.jpg,23155-227_0_1.jpg,epillid/ePillID_data/classification_data/segmented_nih_pills_224,4044
epillid/ePillID_data/classification_data/segmented_nih_pills_224/55289-144_0_1.jpg,55289-144_0_1.jpg,epillid/ePillID_data/classification_data/segmented_nih_pills_224,5794
epillid/ePillID_data/classification_data/segmented_nih_pills_224/0002-3229_0_1.jpg,0002-3229_0_1.jpg,epillid/ePillID_data/classification_data/segmented_nih_pills_224,3250
epillid/ePillID_data/classification_data/segmented_nih_pills_224/0378-4532_0_0.jpg,0378-4532_0_0.jpg,epillid/ePillID_data/classification_data/segmented_nih_pills_224,6425
epillid/ePillID_data/classification_data/segmented_nih_pills_224/63739-517_0_1.jpg,63739-517_0_1.jpg,epillid/ePillID_data/classification_data/segmented_nih_pills_224,4684
epillid/ePillID_data/classification_data/fcn_mix_weight/dc_224/3983.jpg,3983.jpg,epillid/ePillID_data/classification_data/fcn_mix_weight/dc_224,4642
epillid/ePillID_data/classification_data/segmented_nih_pills_224/0615-7771_0_1.jpg,0615-7771_0_1.jpg,epillid/ePillID_data/classification_data/segmented_nih_pills_224,3560
epillid/ePillID_data/classification_data/segmented_nih_pills_224/35356-777_0_1.jpg,35356-777_0_1.jpg,epillid/ePillID_data/classification_data/segmented_nih_pills_224,7640
epillid/ePillID_data/classification_data/segmented_nih_pills_224/54868-5782_0_0.jpg,54868-5782_0_0.jpg,epillid/ePillID_data/classification_data/segmented_nih_pills_224,4250
epillid/ePillID_data/classification_data/segmented_nih_pills_224/68151-3971_0_1.jpg,68151-3971_0_1.jpg,epillid/ePillID_data/classification_data/segmented_nih_pills_224,3274
epillid/ePillID_data/classification_data/segmented_nih_pills_224/53808-0593_0_1.jpg,53808-0593_0_1.jpg,epillid/ePillID_data/classification_data/segmented_nih_pills_224,3499
epillid/ePillID_data/classification_data/segmented_nih_pills_224/16252-599_0_0.jpg,16252-599_0_0.jpg,epillid/ePillID_data/classification_data/segmented_nih_pills_224,3440
epillid/ePillID_data/classification_data/segmented_nih_pills_224/0179-1429_0_1.jpg,0179-1429_0_1.jpg,epillid/ePillID_data/classification_data/segmented_nih_pills_224,5288
epillid/ePillID_data/classification_data/segmented_nih_pills_224/50111-916_0_0.jpg,50111-916_0_0.jpg,epillid/ePillID_data/classification_data/segmented_nih_pills_224,4631
epillid/ePillID_data/classification_data/segmented_nih_pills_224/42549-497_0_0.jpg,42549-497_0_0.jpg,epillid/ePillID_data/classification_data/segmented_nih_pills_224,5415
epillid/ePillID_data/classification_data/segmented_nih_pills_224/16590-200_0_0.jpg,16590-200_0_0.jpg,epillid/ePillID_data/classification_data/segmented_nih_pills_224,5808
epillid/ePillID_data/classification_data/segmented_nih_pills_224/65862-210_0_0.jpg,65862-210_0_0.jpg,epillid/ePillID_data/classification_data/segmented_nih_pills_224,3639
epillid/ePillID_data/classification_data/segmented_nih_pills_224/50268-752_0_0.jpg,50268-752_0_0.jpg,epillid/ePillID_data/classification_data/segmented_nih_pills_224,5492
epillid/ePillID_data/classification_data/segmented_nih_pills_224/0093-7471_0_0.jpg,0093-7471_0_0.jpg,epillid/ePillID_data/classification_data/segmented_nih_pills_224,3286
epillid/ePillID_data/classification_data/segmented_nih_pills_224/49349-716_0_1.jpg,49349-716_0_1.jpg,epillid/ePillID_data/classification_data/segmented_nih_pills_224,4129
epillid/ePillID_data/classification_data/segmented_nih_pills_224/10544-543_0_0.jpg,10544-543_0_0.jpg,epillid/ePillID_data/classification_data/segmented_nih_pills_224,6636
epillid/ePillID_data/classification_data/segmented_nih_pills_224/63629-4546_0_1.jpg,63629-4546_0_1.jpg,epillid/ePillID_data/classification_data/segmented_nih_pills_224,4303
epillid/ePillID_data/classification_data/segmented_nih_pills_224/53808-0777_0_1.jpg,53808-0777_0_1.jpg,epillid/ePillID_data/classification_data/segmented_nih_pills_224,3303
epillid/ePillID_data/classification_data/segmented_nih_pills_224/64725-5440_0_1.jpg,64725-5440_0_1.jpg,epillid/ePillID_data/classification_data/segmented_nih_pills_224,3259
epillid/ePillID_data/classification_data/segmented_nih_pills_224/16729-173_0_0.jpg,16729-173_0_0.jpg,epillid/ePillID_data/classification_data/segmented_nih_pills_224,6769
epillid/ePillID_data/classification_data/segmented_nih_pills_224/63187-054_0_0.jpg,63187-054_0_0.jpg,epillid/ePillID_data/classification_data/segmented_nih_pills_224,7658
epillid/ePillID_data/classification_data/segmented_nih_pills_224/0378-0183_0_0.jpg,0378-0183_0_0.jpg,epillid/ePillID_data/classification_data/segmented_nih_pills_224,6620
epillid/ePillID_data/classification_data/fcn_mix_weight/dc_224/1344.jpg,1344.jpg,epillid/ePillID_data/classification_data/fcn_mix_weight/dc_224,3772
epillid/ePillID_data/classification_data/segmented_nih_pills_224/63739-103_0_0.jpg,63739-103_0_0.jpg,epillid/ePillID_data/classification_data/segmented_nih_pills_224,5942
epillid/ePillID_data/classification_data/fcn_mix_weight/dc_224/3453.jpg,3453.jpg,epillid/ePillID_data/classification_data/fcn_mix_weight/dc_224,7172
epillid/ePillID_data/classification_data/segmented_nih_pills_224/63629-2718_0_1.jpg,63629-2718_0_1.jpg,epillid/ePillID_data/classification_data/segmented_nih_pills_224,6491
epillid/ePillID_data/classification_data/segmented_nih_pills_224/63187-530_0_1.jpg,63187-530_0_1.jpg,epillid/ePillID_data/classification_data/segmented_nih_pills_224,6091
epillid/ePillID_data/classification_data/segmented_nih_pills_224/43353-826_0_1.jpg,43353-826_0_1.jpg,epillid/ePillID_data/classification_data/segmented_nih_pills_224,3731
epillid/ePillID_data/classification_data/fcn_mix_weight/dc_224/1869.jpg,1869.jpg,epillid/ePillID_data/classification_data/fcn_mix_weight/dc_224,5157
epillid/ePillID_data/classification_data/segmented_nih_pills_224/64679-781_0_1.jpg,64679-781_0_1.jpg,epillid/ePillID_data/classification_data/segmented_nih_pills_224,3709
epillid/ePillID_data/classification_data/segmented_nih_pills_224/21695-315_0_1.jpg,21695-315_0_1.jpg,epillid/ePillID_data/classification_data/segmented_nih_pills_224,3772
epillid/ePillID_data/classification_data/segmented_nih_pills_224/63187-467_0_1.jpg,63187-467_0_1.jpg,epillid/ePillID_data/classification_data/segmented_nih_pills_224,6800
epillid/ePillID_data/classification_data/fcn_mix_weight/dc_224/2944.jpg,2944.jpg,epillid/ePillID_data/classification_data/fcn_mix_weight/dc_224,4445
epillid/ePillID_data/classification_data/segmented_nih_pills_224/58118-0155_0_0.jpg,58118-0155_0_0.jpg,epillid/ePillID_data/classification_data/segmented_nih_pills_224,4084
epillid/ePillID_data/classification_data/segmented_nih_pills_224/43353-310_0_1.jpg,43353-310_0_1.jpg,epillid/ePillID_data/classification_data/segmented_nih_pills_224,3921
epillid/ePillID_data/classification_data/segmented_nih_pills_224/0228-2530_0_1.jpg,0228-2530_0_1.jpg,epillid/ePillID_data/classification_data/segmented_nih_pills_224,3368
epillid/ePillID_data/classification_data/segmented_nih_pills_224/21695-181_0_1.jpg,21695-181_0_1.jpg,epillid/ePillID_data/classification_data/segmented_nih_pills_224,5979
epillid/ePillID_data/classification_data/segmented_nih_pills_224/68788-4593_0_1.jpg,68788-4593_0_1.jpg,epillid/ePillID_data/classification_data/segmented_nih_pills_224,3957
epillid/ePillID_data/classification_data/segmented_nih_pills_224/16590-727_0_1.jpg,16590-727_0_1.jpg,epillid/ePillID_data/classification_data/segmented_nih_pills_224,3906
epillid/ePillID_data/classification_data/segmented_nih_pills_224/75921-412_0_0.jpg,75921-412_0_0.jpg,epillid/ePillID_data/classification_data/segmented_nih_pills_224,3499
epillid/ePillID_data/classification_data/segmented_nih_pills_224/45865-518_0_1.jpg,45865-518_0_1.jpg,epillid/ePillID_data/classification_data/segmented_nih_pills_224,4074
epillid/ePillID_data/classification_data/segmented_nih_pills_224/63629-4525_0_1.jpg,63629-4525_0_1.jpg,epillid/ePillID_data/classification_data/segmented_nih_pills_224,3084
epillid/ePillID_data/classification_data/segmented_nih_pills_224/12634-184_0_1.jpg,12634-184_0_1.jpg,epillid/ePillID_data/classification_data/segmented_nih_pills_224,4642
epillid/ePillID_data/classification_data/segmented_nih_pills_224/68084-525_0_0.jpg,68084-525_0_0.jpg,epillid/ePillID_data/classification_data/segmented_nih_pills_224,3782
epillid/ePillID_data/classification_data/segmented_nih_pills_224/43353-051_0_1.jpg,43353-051_0_1.jpg,epillid/ePillID_data/classification_data/segmented_nih_pills_224,3416
epillid/ePillID_data/classification_data/segmented_nih_pills_224/61786-969_0_1.jpg,61786-969_0_1.jpg,epillid/ePillID_data/classification_data/segmented_nih_pills_224,5966
epillid/ePillID_data/classification_data/segmented_nih_pills_224/63629-1386_0_0.jpg,63629-1386_0_0.jpg,epillid/ePillID_data/classification_data/segmented_nih_pills_224,3578
epillid/ePillID_data/classification_data/segmented_nih_pills_224/63874-325_0_1.jpg,63874-325_0_1.jpg,epillid/ePillID_data/classification_data/segmented_nih_pills_224,3721
epillid/ePillID_data/classification_data/segmented_nih_pills_224/54868-6083_0_1.jpg,54868-6083_0_1.jpg,epillid/ePillID_data/classification_data/segmented_nih_pills_224,3066
epillid/ePillID_data/classification_data/segmented_nih_pills_224/55154-5468_0_0.jpg,55154-5468_0_0.jpg,epillid/ePillID_data/classification_data/segmented_nih_pills_224,4482
epillid/ePillID_data/classification_data/segmented_nih_pills_224/50090-0133_0_1.jpg,50090-0133_0_1.jpg,epillid/ePillID_data/classification_data/segmented_nih_pills_224,4263
epillid/ePillID_data/classification_data/fcn_mix_weight/dc_224/4300.jpg,4300.jpg,epillid/ePillID_data/classification_data/fcn_mix_weight/dc_224,3592
epillid/ePillID_data/classification_data/segmented_nih_pills_224/55154-7552_0_1.jpg,55154-7552_0_1.jpg,epillid/ePillID_data/classification_data/segmented_nih_pills_224,5537
epillid/ePillID_data/classification_data/segmented_nih_pills_224/0440-2055_0_1.jpg,0440-2055_0_1.jpg,epillid/ePillID_data/classification_data/segmented_nih_pills_224,3548
epillid/ePillID_data/classification_data/segmented_nih_pills_224/0615-1308_0_0.jpg,0615-1308_0_0.jpg,epillid/ePillID_data/classification_data/segmented_nih_pills_224,4324
epillid/ePillID_data/classification_data/segmented_nih_pills_224/43353-677_0_0.jpg,43353-677_0_0.jpg,epillid/ePillID_data/classification_data/segmented_nih_pills_224,3533
epillid/ePillID_data/classification_data/segmented_nih_pills_224/33261-858_0_0.jpg,33261-858_0_0.jpg,epillid/ePillID_data/classification_data/segmented_nih_pills_224,3711
epillid/ePillID_data/classification_data/segmented_nih_pills_224/63187-371_0_0.jpg,63187-371_0_0.jpg,epillid/ePillID_data/classification_data/segmented_nih_pills_224,4385
epillid/ePillID_data/classification_data/fcn_mix_weight/dc_224/3278.jpg,3278.jpg,epillid/ePillID_data/classification_data/fcn_mix_weight/dc_224,7146
epillid/ePillID_data/classification_data/fcn_mix_weight/dc_224/4239.jpg,4239.jpg,epillid/ePillID_data/classification_data/fcn_mix_weight/dc_224,5668
epillid/ePillID_data/classification_data/segmented_nih_pills_224/68788-8943_0_1.jpg,68788-8943_0_1.jpg,epillid/ePillID_data/classification_data/segmented_nih_pills_224,7728
